"Date,""Open"",""High"",""Low"",""Price"""
"01/03/2006,""1,268.80"",""1,270.22"",""1,245.74"",""1,268.80"""
"12/30/2005,""1,248.29"",""1,254.42"",""1,246.59"",""1,248.29"""
"12/29/2005,""1,254.42"",""1,260.61"",""1,254.18"",""1,254.42"""
"12/28/2005,""1,258.17"",""1,261.10"",""1,256.54"",""1,258.17"""
"12/27/2005,""1,256.54"",""1,271.83"",""1,256.54"",""1,256.54"""
"12/23/2005,""1,268.66"",""1,269.76"",""1,265.92"",""1,268.66"""
"12/22/2005,""1,268.12"",""1,268.19"",""1,262.50"",""1,268.12"""
"12/21/2005,""1,262.79"",""1,269.37"",""1,259.62"",""1,262.79"""
"12/20/2005,""1,259.62"",""1,263.86"",""1,257.21"",""1,259.62"""
"12/19/2005,""1,259.92"",""1,270.51"",""1,259.36"",""1,259.92"""
"12/16/2005,""1,267.32"",""1,275.24"",""1,267.32"",""1,267.32"""
"12/15/2005,""1,270.94"",""1,275.17"",""1,267.74"",""1,270.94"""
"12/14/2005,""1,272.74"",""1,275.80"",""1,267.07"",""1,272.74"""
"12/13/2005,""1,267.43"",""1,272.11"",""1,258.56"",""1,267.43"""
"12/12/2005,""1,260.43"",""1,263.86"",""1,255.52"",""1,260.43"""
"12/09/2005,""1,259.37"",""1,263.08"",""1,254.24"",""1,259.37"""
"12/08/2005,""1,255.84"",""1,263.36"",""1,250.91"",""1,255.84"""
"12/07/2005,""1,257.37"",""1,264.85"",""1,253.02"",""1,257.37"""
"12/06/2005,""1,263.70"",""1,272.89"",""1,262.09"",""1,263.70"""
"12/05/2005,""1,262.09"",""1,265.08"",""1,258.12"",""1,262.09"""
"12/02/2005,""1,265.08"",""1,266.85"",""1,261.42"",""1,265.08"""
"12/01/2005,""1,264.67"",""1,266.17"",""1,249.48"",""1,264.67"""
"11/30/2005,""1,249.48"",""1,260.93"",""1,249.39"",""1,249.48"""
"11/29/2005,""1,257.48"",""1,266.18"",""1,257.46"",""1,257.48"""
"11/28/2005,""1,257.46"",""1,268.44"",""1,257.17"",""1,257.46"""
"11/25/2005,""1,268.25"",""1,268.78"",""1,265.54"",""1,268.25"""
"11/23/2005,""1,265.61"",""1,270.64"",""1,259.51"",""1,265.61"""
"11/22/2005,""1,261.23"",""1,261.90"",""1,251.40"",""1,261.23"""
"11/21/2005,""1,254.85"",""1,255.89"",""1,246.90"",""1,254.85"""
"11/18/2005,""1,248.27"",""1,249.58"",""1,240.71"",""1,248.27"""
"11/17/2005,""1,242.80"",""1,242.96"",""1,231.21"",""1,242.80"""
"11/16/2005,""1,231.21"",""1,232.24"",""1,227.18"",""1,231.21"""
"11/15/2005,""1,229.01"",""1,237.94"",""1,226.41"",""1,229.01"""
"11/14/2005,""1,233.76"",""1,237.20"",""1,231.78"",""1,233.76"""
"11/11/2005,""1,234.72"",""1,235.70"",""1,230.72"",""1,234.72"""
"11/10/2005,""1,230.96"",""1,232.41"",""1,215.05"",""1,230.96"""
"11/09/2005,""1,220.65"",""1,226.59"",""1,216.53"",""1,220.65"""
"11/08/2005,""1,218.59"",""1,222.81"",""1,216.08"",""1,218.59"""
"11/07/2005,""1,222.81"",""1,224.18"",""1,217.29"",""1,222.81"""
"11/04/2005,""1,220.14"",""1,222.52"",""1,214.45"",""1,220.14"""
"11/03/2005,""1,219.94"",""1,224.70"",""1,214.76"",""1,219.94"""
"11/02/2005,""1,214.76"",""1,215.17"",""1,201.07"",""1,214.76"""
"11/01/2005,""1,202.76"",""1,207.34"",""1,201.66"",""1,202.76"""
"10/31/2005,""1,207.01"",""1,211.43"",""1,198.41"",""1,207.01"""
"10/28/2005,""1,198.41"",""1,198.41"",""1,178.90"",""1,198.41"""
"10/27/2005,""1,178.90"",""1,192.65"",""1,178.89"",""1,178.90"""
"10/26/2005,""1,191.38"",""1,204.01"",""1,191.38"",""1,191.38"""
"10/25/2005,""1,196.54"",""1,201.30"",""1,189.29"",""1,196.54"""
"10/24/2005,""1,199.38"",""1,199.39"",""1,179.59"",""1,199.38"""
"10/21/2005,""1,179.59"",""1,186.46"",""1,174.92"",""1,179.59"""
"10/20/2005,""1,177.80"",""1,197.30"",""1,173.30"",""1,177.80"""
"10/19/2005,""1,195.76"",""1,195.76"",""1,170.55"",""1,195.76"""
"10/18/2005,""1,178.14"",""1,190.10"",""1,178.13"",""1,178.14"""
"10/17/2005,""1,190.10"",""1,191.21"",""1,184.48"",""1,190.10"""
"10/14/2005,""1,186.57"",""1,187.13"",""1,175.44"",""1,186.57"""
"10/13/2005,""1,176.84"",""1,179.56"",""1,168.20"",""1,176.84"""
"10/12/2005,""1,177.68"",""1,190.02"",""1,173.65"",""1,177.68"""
"10/11/2005,""1,184.87"",""1,193.10"",""1,183.16"",""1,184.87"""
"10/10/2005,""1,187.33"",""1,196.52"",""1,186.12"",""1,187.33"""
"10/07/2005,""1,195.90"",""1,199.71"",""1,191.46"",""1,195.90"""
"10/06/2005,""1,191.49"",""1,202.14"",""1,181.92"",""1,191.49"""
"10/05/2005,""1,196.39"",""1,214.47"",""1,196.25"",""1,196.39"""
"10/04/2005,""1,214.47"",""1,229.88"",""1,214.02"",""1,214.47"""
"10/03/2005,""1,226.70"",""1,233.34"",""1,225.15"",""1,226.70"""
"09/30/2005,""1,228.81"",""1,229.57"",""1,225.22"",""1,228.81"""
"09/29/2005,""1,227.68"",""1,228.70"",""1,211.54"",""1,227.68"""
"09/28/2005,""1,216.89"",""1,220.98"",""1,212.72"",""1,216.89"""
"09/27/2005,""1,215.66"",""1,220.17"",""1,211.11"",""1,215.66"""
"09/26/2005,""1,215.63"",""1,222.56"",""1,211.84"",""1,215.63"""
"09/23/2005,""1,215.29"",""1,218.83"",""1,209.80"",""1,215.29"""
"09/22/2005,""1,214.62"",""1,216.64"",""1,205.35"",""1,214.62"""
"09/21/2005,""1,210.20"",""1,221.52"",""1,209.89"",""1,210.20"""
"09/20/2005,""1,221.34"",""1,236.49"",""1,220.07"",""1,221.34"""
"09/19/2005,""1,231.02"",""1,237.91"",""1,227.65"",""1,231.02"""
"09/16/2005,""1,237.91"",""1,237.95"",""1,228.42"",""1,237.91"""
"09/15/2005,""1,227.73"",""1,231.88"",""1,224.85"",""1,227.73"""
"09/14/2005,""1,227.16"",""1,234.74"",""1,226.16"",""1,227.16"""
"09/13/2005,""1,231.20"",""1,240.57"",""1,231.20"",""1,231.20"""
"09/12/2005,""1,240.56"",""1,242.60"",""1,239.15"",""1,240.56"""
"09/09/2005,""1,241.48"",""1,243.13"",""1,231.67"",""1,241.48"""
"09/08/2005,""1,231.67"",""1,236.36"",""1,229.51"",""1,231.67"""
"09/07/2005,""1,236.36"",""1,237.06"",""1,230.93"",""1,236.36"""
"09/06/2005,""1,233.39"",""1,233.61"",""1,218.02"",""1,233.39"""
"09/02/2005,""1,218.02"",""1,224.45"",""1,217.75"",""1,218.02"""
"09/01/2005,""1,221.59"",""1,227.29"",""1,216.18"",""1,221.59"""
"08/31/2005,""1,220.33"",""1,220.36"",""1,204.40"",""1,220.33"""
"08/30/2005,""1,208.41"",""1,212.28"",""1,201.07"",""1,208.41"""
"08/29/2005,""1,212.28"",""1,214.28"",""1,201.53"",""1,212.28"""
"08/26/2005,""1,205.10"",""1,212.40"",""1,204.23"",""1,205.10"""
"08/25/2005,""1,212.40"",""1,213.73"",""1,209.57"",""1,212.40"""
"08/24/2005,""1,209.59"",""1,224.15"",""1,209.37"",""1,209.59"""
"08/23/2005,""1,217.57"",""1,223.04"",""1,214.44"",""1,217.57"""
"08/22/2005,""1,221.73"",""1,228.96"",""1,216.47"",""1,221.73"""
"08/19/2005,""1,219.71"",""1,225.08"",""1,219.02"",""1,219.71"""
"08/18/2005,""1,219.02"",""1,222.64"",""1,215.93"",""1,219.02"""
"08/17/2005,""1,220.24"",""1,225.63"",""1,218.07"",""1,220.24"""
"08/16/2005,""1,219.34"",""1,233.87"",""1,219.05"",""1,219.34"""
"08/15/2005,""1,233.87"",""1,236.24"",""1,226.20"",""1,233.87"""
"08/12/2005,""1,230.39"",""1,237.81"",""1,225.87"",""1,230.39"""
"08/11/2005,""1,237.81"",""1,237.81"",""1,228.33"",""1,237.81"""
"08/10/2005,""1,229.13"",""1,242.69"",""1,226.58"",""1,229.13"""
"08/09/2005,""1,231.38"",""1,234.11"",""1,223.13"",""1,231.38"""
"08/08/2005,""1,223.13"",""1,232.28"",""1,222.67"",""1,223.13"""
"08/05/2005,""1,226.42"",""1,235.86"",""1,225.62"",""1,226.42"""
"08/04/2005,""1,235.86"",""1,245.04"",""1,235.15"",""1,235.86"""
"08/03/2005,""1,245.04"",""1,245.86"",""1,240.57"",""1,245.04"""
"08/02/2005,""1,244.12"",""1,244.69"",""1,235.35"",""1,244.12"""
"08/01/2005,""1,235.35"",""1,239.10"",""1,233.80"",""1,235.35"""
"07/29/2005,""1,234.18"",""1,245.04"",""1,234.18"",""1,234.18"""
"07/28/2005,""1,243.72"",""1,245.15"",""1,235.81"",""1,243.72"""
"07/27/2005,""1,236.79"",""1,237.64"",""1,230.15"",""1,236.79"""
"07/26/2005,""1,231.16"",""1,234.42"",""1,229.03"",""1,231.16"""
"07/25/2005,""1,229.03"",""1,238.36"",""1,228.15"",""1,229.03"""
"07/22/2005,""1,233.68"",""1,234.19"",""1,226.15"",""1,233.68"""
"07/21/2005,""1,227.04"",""1,235.83"",""1,224.70"",""1,227.04"""
"07/20/2005,""1,235.20"",""1,236.56"",""1,222.91"",""1,235.20"""
"07/19/2005,""1,229.35"",""1,230.34"",""1,221.13"",""1,229.35"""
"07/18/2005,""1,221.13"",""1,227.92"",""1,221.13"",""1,221.13"""
"07/15/2005,""1,227.92"",""1,229.53"",""1,223.50"",""1,227.92"""
"07/14/2005,""1,226.50"",""1,233.16"",""1,223.29"",""1,226.50"""
"07/13/2005,""1,223.29"",""1,224.46"",""1,219.64"",""1,223.29"""
"07/12/2005,""1,222.21"",""1,225.54"",""1,216.60"",""1,222.21"""
"07/11/2005,""1,219.44"",""1,220.03"",""1,211.86"",""1,219.44"""
"07/08/2005,""1,211.86"",""1,212.73"",""1,197.20"",""1,211.86"""
"07/07/2005,""1,197.87"",""1,198.46"",""1,183.55"",""1,197.87"""
"07/06/2005,""1,194.94"",""1,206.11"",""1,194.78"",""1,194.94"""
"07/05/2005,""1,204.99"",""1,206.34"",""1,192.49"",""1,204.99"""
"07/01/2005,""1,194.44"",""1,197.89"",""1,191.33"",""1,194.44"""
"06/30/2005,""1,191.33"",""1,203.27"",""1,190.51"",""1,191.33"""
"06/29/2005,""1,199.85"",""1,204.07"",""1,198.70"",""1,199.85"""
"06/28/2005,""1,201.57"",""1,202.54"",""1,190.69"",""1,201.57"""
"06/27/2005,""1,190.69"",""1,194.33"",""1,188.30"",""1,190.69"""
"06/24/2005,""1,191.57"",""1,200.90"",""1,191.45"",""1,191.57"""
"06/23/2005,""1,200.73"",""1,216.45"",""1,200.72"",""1,200.73"""
"06/22/2005,""1,213.88"",""1,219.59"",""1,211.69"",""1,213.88"""
"06/21/2005,""1,213.61"",""1,217.13"",""1,211.86"",""1,213.61"""
"06/20/2005,""1,216.10"",""1,219.10"",""1,210.65"",""1,216.10"""
"06/17/2005,""1,216.96"",""1,219.55"",""1,210.93"",""1,216.96"""
"06/16/2005,""1,210.96"",""1,212.10"",""1,205.47"",""1,210.96"""
"06/15/2005,""1,206.58"",""1,208.08"",""1,198.66"",""1,206.58"""
"06/14/2005,""1,203.91"",""1,207.53"",""1,200.18"",""1,203.91"""
"06/13/2005,""1,200.82"",""1,206.03"",""1,194.51"",""1,200.82"""
"06/10/2005,""1,198.11"",""1,202.79"",""1,192.64"",""1,198.11"""
"06/09/2005,""1,200.93"",""1,201.86"",""1,191.09"",""1,200.93"""
"06/08/2005,""1,194.67"",""1,201.97"",""1,193.33"",""1,194.67"""
"06/07/2005,""1,197.26"",""1,208.85"",""1,197.26"",""1,197.26"""
"06/06/2005,""1,197.51"",""1,198.78"",""1,192.75"",""1,197.51"""
"06/03/2005,""1,196.02"",""1,205.09"",""1,194.55"",""1,196.02"""
"06/02/2005,""1,204.29"",""1,204.67"",""1,198.42"",""1,204.29"""
"06/01/2005,""1,202.27"",""1,205.64"",""1,191.03"",""1,202.27"""
"05/31/2005,""1,191.50"",""1,198.78"",""1,191.50"",""1,191.50"""
"05/27/2005,""1,198.78"",""1,199.56"",""1,195.28"",""1,198.78"""
"05/26/2005,""1,197.62"",""1,198.95"",""1,190.01"",""1,197.62"""
"05/25/2005,""1,190.01"",""1,194.07"",""1,185.96"",""1,190.01"""
"05/24/2005,""1,194.07"",""1,195.29"",""1,189.87"",""1,194.07"""
"05/23/2005,""1,193.86"",""1,197.44"",""1,188.76"",""1,193.86"""
"05/20/2005,""1,189.28"",""1,191.22"",""1,185.19"",""1,189.28"""
"05/19/2005,""1,191.08"",""1,191.09"",""1,184.49"",""1,191.08"""
"05/18/2005,""1,185.56"",""1,187.90"",""1,173.80"",""1,185.56"""
"05/17/2005,""1,173.80"",""1,174.35"",""1,159.86"",""1,173.80"""
"05/16/2005,""1,165.69"",""1,165.75"",""1,153.64"",""1,165.69"""
"05/13/2005,""1,154.05"",""1,163.75"",""1,146.18"",""1,154.05"""
"05/12/2005,""1,159.36"",""1,173.37"",""1,157.76"",""1,159.36"""
"05/11/2005,""1,171.11"",""1,171.77"",""1,157.71"",""1,171.11"""
"05/10/2005,""1,166.22"",""1,178.84"",""1,162.98"",""1,166.22"""
"05/09/2005,""1,178.84"",""1,178.87"",""1,169.38"",""1,178.84"""
"05/06/2005,""1,171.35"",""1,177.75"",""1,170.50"",""1,171.35"""
"05/05/2005,""1,172.63"",""1,178.62"",""1,166.77"",""1,172.63"""
"05/04/2005,""1,175.65"",""1,176.01"",""1,161.17"",""1,175.65"""
"05/03/2005,""1,161.17"",""1,166.89"",""1,156.71"",""1,161.17"""
"05/02/2005,""1,162.16"",""1,162.87"",""1,154.71"",""1,162.16"""
"04/29/2005,""1,156.85"",""1,156.97"",""1,139.19"",""1,156.85"""
"04/28/2005,""1,143.22"",""1,156.38"",""1,143.22"",""1,143.22"""
"04/27/2005,""1,156.38"",""1,159.87"",""1,144.42"",""1,156.38"""
"04/26/2005,""1,151.74"",""1,164.80"",""1,151.74"",""1,151.74"""
"04/25/2005,""1,162.10"",""1,164.05"",""1,152.12"",""1,162.10"""
"04/22/2005,""1,152.12"",""1,159.95"",""1,142.95"",""1,152.12"""
"04/21/2005,""1,159.95"",""1,159.95"",""1,137.50"",""1,159.95"""
"04/20/2005,""1,137.50"",""1,155.50"",""1,136.15"",""1,137.50"""
"04/19/2005,""1,152.78"",""1,154.67"",""1,145.98"",""1,152.78"""
"04/18/2005,""1,145.98"",""1,148.92"",""1,139.80"",""1,145.98"""
"04/15/2005,""1,142.62"",""1,162.05"",""1,141.92"",""1,142.62"""
"04/14/2005,""1,162.05"",""1,174.67"",""1,161.70"",""1,162.05"""
"04/13/2005,""1,173.79"",""1,187.76"",""1,171.40"",""1,173.79"""
"04/12/2005,""1,187.76"",""1,190.17"",""1,170.85"",""1,187.76"""
"04/11/2005,""1,181.21"",""1,184.07"",""1,178.69"",""1,181.21"""
"04/08/2005,""1,181.20"",""1,191.75"",""1,181.13"",""1,181.20"""
"04/07/2005,""1,191.14"",""1,191.88"",""1,183.81"",""1,191.14"""
"04/06/2005,""1,184.07"",""1,189.34"",""1,181.39"",""1,184.07"""
"04/05/2005,""1,181.39"",""1,183.56"",""1,176.12"",""1,181.39"""
"04/04/2005,""1,176.12"",""1,178.61"",""1,167.72"",""1,176.12"""
"04/01/2005,""1,172.92"",""1,189.80"",""1,169.91"",""1,172.92"""
"03/31/2005,""1,180.59"",""1,184.53"",""1,179.49"",""1,180.59"""
"03/30/2005,""1,181.41"",""1,181.54"",""1,165.36"",""1,181.41"""
"03/29/2005,""1,165.36"",""1,179.39"",""1,163.69"",""1,165.36"""
"03/28/2005,""1,174.28"",""1,179.91"",""1,171.42"",""1,174.28"""
"03/24/2005,""1,171.42"",""1,180.11"",""1,171.42"",""1,171.42"""
"03/23/2005,""1,172.53"",""1,176.26"",""1,168.70"",""1,172.53"""
"03/22/2005,""1,171.71"",""1,189.59"",""1,171.63"",""1,171.71"""
"03/21/2005,""1,183.78"",""1,189.65"",""1,178.82"",""1,183.78"""
"03/18/2005,""1,189.65"",""1,191.98"",""1,182.78"",""1,189.65"""
"03/17/2005,""1,190.21"",""1,193.28"",""1,186.34"",""1,190.21"""
"03/16/2005,""1,188.07"",""1,197.75"",""1,185.61"",""1,188.07"""
"03/15/2005,""1,197.75"",""1,210.54"",""1,197.75"",""1,197.75"""
"03/14/2005,""1,206.83"",""1,206.83"",""1,199.51"",""1,206.83"""
"03/11/2005,""1,200.08"",""1,213.04"",""1,198.15"",""1,200.08"""
"03/10/2005,""1,209.25"",""1,211.23"",""1,201.41"",""1,209.25"""
"03/09/2005,""1,207.01"",""1,219.43"",""1,206.66"",""1,207.01"""
"03/08/2005,""1,219.43"",""1,225.69"",""1,218.57"",""1,219.43"""
"03/07/2005,""1,225.31"",""1,229.11"",""1,222.12"",""1,225.31"""
"03/04/2005,""1,222.12"",""1,224.76"",""1,210.47"",""1,222.12"""
"03/03/2005,""1,210.47"",""1,215.72"",""1,204.45"",""1,210.47"""
"03/02/2005,""1,210.08"",""1,215.79"",""1,204.22"",""1,210.08"""
"03/01/2005,""1,210.41"",""1,212.25"",""1,203.60"",""1,210.41"""
"02/28/2005,""1,203.60"",""1,211.37"",""1,198.13"",""1,203.60"""
"02/25/2005,""1,211.37"",""1,212.15"",""1,199.61"",""1,211.37"""
"02/24/2005,""1,200.20"",""1,200.42"",""1,187.80"",""1,200.20"""
"02/23/2005,""1,190.80"",""1,193.52"",""1,184.16"",""1,190.80"""
"02/22/2005,""1,184.16"",""1,202.48"",""1,184.16"",""1,184.16"""
"02/18/2005,""1,201.59"",""1,202.92"",""1,197.35"",""1,201.59"""
"02/17/2005,""1,200.75"",""1,211.33"",""1,200.74"",""1,200.75"""
"02/16/2005,""1,210.34"",""1,212.44"",""1,205.52"",""1,210.34"""
"02/15/2005,""1,210.12"",""1,212.44"",""1,205.52"",""1,210.12"""
"02/14/2005,""1,206.14"",""1,206.93"",""1,203.59"",""1,206.14"""
"02/11/2005,""1,205.30"",""1,208.38"",""1,193.28"",""1,205.30"""
"02/10/2005,""1,197.01"",""1,198.75"",""1,191.54"",""1,197.01"""
"02/09/2005,""1,191.99"",""1,203.83"",""1,191.54"",""1,191.99"""
"02/08/2005,""1,202.30"",""1,205.11"",""1,200.16"",""1,202.30"""
"02/07/2005,""1,201.72"",""1,204.15"",""1,199.27"",""1,201.72"""
"02/04/2005,""1,203.03"",""1,203.47"",""1,189.67"",""1,203.03"""
"02/03/2005,""1,189.89"",""1,193.19"",""1,185.63"",""1,189.89"""
"02/02/2005,""1,193.19"",""1,195.25"",""1,188.92"",""1,193.19"""
"02/01/2005,""1,189.41"",""1,190.39"",""1,180.95"",""1,189.41"""
"01/31/2005,""1,181.27"",""1,182.07"",""1,171.36"",""1,181.27"""
"01/28/2005,""1,171.36"",""1,175.63"",""1,166.30"",""1,171.36"""
"01/27/2005,""1,174.55"",""1,177.50"",""1,170.15"",""1,174.55"""
"01/26/2005,""1,174.07"",""1,175.99"",""1,168.41"",""1,174.07"""
"01/25/2005,""1,168.41"",""1,174.30"",""1,163.75"",""1,168.41"""
"01/24/2005,""1,163.75"",""1,173.17"",""1,163.75"",""1,163.75"""
"01/21/2005,""1,167.87"",""1,179.55"",""1,167.82"",""1,167.87"""
"01/20/2005,""1,175.41"",""1,184.63"",""1,173.39"",""1,175.41"""
"01/19/2005,""1,184.63"",""1,195.98"",""1,184.37"",""1,184.63"""
"01/18/2005,""1,195.98"",""1,195.98"",""1,180.10"",""1,195.98"""
"01/14/2005,""1,184.52"",""1,185.21"",""1,177.45"",""1,184.52"""
"01/13/2005,""1,177.45"",""1,187.70"",""1,175.61"",""1,177.45"""
"01/12/2005,""1,187.70"",""1,187.98"",""1,175.64"",""1,187.70"""
"01/11/2005,""1,182.99"",""1,190.25"",""1,180.43"",""1,182.99"""
"01/10/2005,""1,190.25"",""1,194.78"",""1,184.80"",""1,190.25"""
"01/07/2005,""1,186.19"",""1,192.20"",""1,182.11"",""1,186.19"""
"01/06/2005,""1,187.89"",""1,191.63"",""1,183.23"",""1,187.89"""
"01/05/2005,""1,183.74"",""1,192.75"",""1,183.72"",""1,183.74"""
"01/04/2005,""1,188.05"",""1,205.84"",""1,185.39"",""1,188.05"""
"01/03/2005,""1,202.08"",""1,217.90"",""1,200.30"",""1,202.08"""
"12/31/2004,""1,211.92"",""1,217.33"",""1,211.65"",""1,211.92"""
"12/30/2004,""1,213.55"",""1,216.47"",""1,213.41"",""1,213.55"""
"12/29/2004,""1,213.45"",""1,213.95"",""1,210.95"",""1,213.45"""
"12/28/2004,""1,213.54"",""1,213.54"",""1,204.92"",""1,213.54"""
"12/27/2004,""1,204.92"",""1,214.17"",""1,204.92"",""1,204.92"""
"12/23/2004,""1,210.13"",""1,213.66"",""1,208.71"",""1,210.13"""
"12/22/2004,""1,209.57"",""1,211.42"",""1,203.81"",""1,209.57"""
"12/21/2004,""1,205.45"",""1,205.93"",""1,194.65"",""1,205.45"""
"12/20/2004,""1,194.65"",""1,203.64"",""1,193.65"",""1,194.65"""
"12/17/2004,""1,194.22"",""1,203.21"",""1,193.44"",""1,194.22"""
"12/16/2004,""1,203.21"",""1,207.97"",""1,198.41"",""1,203.21"""
"12/15/2004,""1,205.72"",""1,206.61"",""1,199.44"",""1,205.72"""
"12/14/2004,""1,203.38"",""1,205.29"",""1,197.84"",""1,203.38"""
"12/13/2004,""1,198.68"",""1,198.77"",""1,188.00"",""1,198.68"""
"12/10/2004,""1,188.00"",""1,191.45"",""1,185.24"",""1,188.00"""
"12/09/2004,""1,189.24"",""1,190.51"",""1,173.76"",""1,189.24"""
"12/08/2004,""1,182.81"",""1,184.05"",""1,176.80"",""1,182.81"""
"12/07/2004,""1,177.08"",""1,192.19"",""1,177.07"",""1,177.08"""
"12/06/2004,""1,190.25"",""1,192.41"",""1,185.18"",""1,190.25"""
"12/03/2004,""1,191.17"",""1,197.46"",""1,187.70"",""1,191.17"""
"12/02/2004,""1,190.33"",""1,194.81"",""1,186.66"",""1,190.33"""
"12/01/2004,""1,191.37"",""1,191.37"",""1,173.78"",""1,191.37"""
"11/30/2004,""1,173.82"",""1,178.66"",""1,173.81"",""1,173.82"""
"11/29/2004,""1,178.57"",""1,186.94"",""1,172.37"",""1,178.57"""
"11/26/2004,""1,182.65"",""1,186.62"",""1,181.08"",""1,182.65"""
"11/24/2004,""1,181.76"",""1,182.46"",""1,176.94"",""1,181.76"""
"11/23/2004,""1,176.94"",""1,179.52"",""1,171.41"",""1,176.94"""
"11/22/2004,""1,177.24"",""1,178.18"",""1,167.89"",""1,177.24"""
"11/19/2004,""1,170.34"",""1,184.00"",""1,169.17"",""1,170.34"""
"11/18/2004,""1,183.55"",""1,184.90"",""1,180.09"",""1,183.55"""
"11/17/2004,""1,181.94"",""1,188.46"",""1,175.43"",""1,181.94"""
"11/16/2004,""1,175.43"",""1,183.81"",""1,175.32"",""1,175.43"""
"11/15/2004,""1,183.81"",""1,184.48"",""1,179.85"",""1,183.81"""
"11/12/2004,""1,184.17"",""1,184.17"",""1,171.39"",""1,184.17"""
"11/11/2004,""1,173.48"",""1,174.82"",""1,162.91"",""1,173.48"""
"11/10/2004,""1,162.91"",""1,169.35"",""1,162.51"",""1,162.91"""
"11/09/2004,""1,164.08"",""1,168.97"",""1,162.48"",""1,164.08"""
"11/08/2004,""1,164.89"",""1,166.86"",""1,162.32"",""1,164.89"""
"11/05/2004,""1,166.17"",""1,170.87"",""1,160.36"",""1,166.17"""
"11/04/2004,""1,161.67"",""1,161.67"",""1,142.34"",""1,161.67"""
"11/03/2004,""1,143.20"",""1,147.60"",""1,130.54"",""1,143.20"""
"11/02/2004,""1,130.54"",""1,140.48"",""1,128.12"",""1,130.54"""
"11/01/2004,""1,130.51"",""1,133.43"",""1,127.53"",""1,130.51"""
"10/29/2004,""1,130.20"",""1,131.44"",""1,124.62"",""1,130.20"""
"10/28/2004,""1,127.44"",""1,130.67"",""1,120.57"",""1,127.44"""
"10/27/2004,""1,125.40"",""1,126.29"",""1,107.43"",""1,125.40"""
"10/26/2004,""1,111.09"",""1,111.10"",""1,094.81"",""1,111.09"""
"10/25/2004,""1,094.81"",""1,096.81"",""1,090.19"",""1,094.81"""
"10/22/2004,""1,095.74"",""1,108.32"",""1,095.29"",""1,095.74"""
"10/21/2004,""1,106.49"",""1,108.96"",""1,098.47"",""1,106.49"""
"10/20/2004,""1,103.66"",""1,104.09"",""1,094.25"",""1,103.66"""
"10/19/2004,""1,103.23"",""1,118.03"",""1,103.15"",""1,103.23"""
"10/18/2004,""1,114.02"",""1,114.46"",""1,103.33"",""1,114.02"""
"10/15/2004,""1,108.20"",""1,113.17"",""1,102.14"",""1,108.20"""
"10/14/2004,""1,103.29"",""1,114.97"",""1,102.06"",""1,103.29"""
"10/13/2004,""1,113.65"",""1,127.01"",""1,109.63"",""1,113.65"""
"10/12/2004,""1,121.84"",""1,124.39"",""1,115.77"",""1,121.84"""
"10/11/2004,""1,124.39"",""1,126.20"",""1,122.14"",""1,124.39"""
"10/08/2004,""1,122.14"",""1,132.92"",""1,120.19"",""1,122.14"""
"10/07/2004,""1,130.65"",""1,142.05"",""1,130.46"",""1,130.65"""
"10/06/2004,""1,142.05"",""1,142.05"",""1,132.94"",""1,142.05"""
"10/05/2004,""1,134.48"",""1,137.97"",""1,132.03"",""1,134.48"""
"10/04/2004,""1,135.17"",""1,140.19"",""1,131.50"",""1,135.17"""
"10/01/2004,""1,131.50"",""1,131.64"",""1,114.58"",""1,131.50"""
"09/30/2004,""1,114.58"",""1,116.31"",""1,109.61"",""1,114.58"""
"09/29/2004,""1,114.80"",""1,114.80"",""1,107.36"",""1,114.80"""
"09/28/2004,""1,110.06"",""1,111.77"",""1,101.29"",""1,110.06"""
"09/27/2004,""1,103.52"",""1,110.11"",""1,103.24"",""1,103.52"""
"09/24/2004,""1,110.11"",""1,113.81"",""1,108.36"",""1,110.11"""
"09/23/2004,""1,108.36"",""1,113.61"",""1,108.05"",""1,108.36"""
"09/22/2004,""1,113.56"",""1,129.30"",""1,112.67"",""1,113.56"""
"09/21/2004,""1,129.30"",""1,131.54"",""1,122.20"",""1,129.30"""
"09/20/2004,""1,122.20"",""1,128.55"",""1,120.34"",""1,122.20"""
"09/17/2004,""1,128.55"",""1,130.48"",""1,123.50"",""1,128.55"""
"09/16/2004,""1,123.50"",""1,126.06"",""1,120.37"",""1,123.50"""
"09/15/2004,""1,120.37"",""1,128.33"",""1,119.74"",""1,120.37"""
"09/14/2004,""1,128.33"",""1,129.46"",""1,124.72"",""1,128.33"""
"09/13/2004,""1,125.82"",""1,129.78"",""1,123.35"",""1,125.82"""
"09/10/2004,""1,123.92"",""1,125.26"",""1,114.39"",""1,123.92"""
"09/09/2004,""1,118.38"",""1,121.30"",""1,113.62"",""1,118.38"""
"09/08/2004,""1,116.27"",""1,123.05"",""1,116.27"",""1,116.27"""
"09/07/2004,""1,121.30"",""1,124.08"",""1,113.63"",""1,121.30"""
"09/03/2004,""1,113.63"",""1,120.80"",""1,113.57"",""1,113.63"""
"09/02/2004,""1,118.31"",""1,119.11"",""1,105.60"",""1,118.31"""
"09/01/2004,""1,105.91"",""1,109.25"",""1,099.11"",""1,105.91"""
"08/31/2004,""1,104.24"",""1,104.24"",""1,094.72"",""1,104.24"""
"08/30/2004,""1,099.15"",""1,107.77"",""1,099.15"",""1,099.15"""
"08/27/2004,""1,107.77"",""1,109.68"",""1,104.61"",""1,107.77"""
"08/26/2004,""1,105.09"",""1,106.78"",""1,102.43"",""1,105.09"""
"08/25/2004,""1,104.96"",""1,106.29"",""1,093.24"",""1,104.96"""
"08/24/2004,""1,096.19"",""1,100.94"",""1,092.82"",""1,096.19"""
"08/23/2004,""1,095.68"",""1,101.40"",""1,094.73"",""1,095.68"""
"08/20/2004,""1,098.35"",""1,100.26"",""1,089.57"",""1,098.35"""
"08/19/2004,""1,091.23"",""1,095.17"",""1,086.28"",""1,091.23"""
"08/18/2004,""1,095.17"",""1,095.17"",""1,078.93"",""1,095.17"""
"08/17/2004,""1,081.71"",""1,086.96"",""1,079.34"",""1,081.71"""
"08/16/2004,""1,079.34"",""1,080.66"",""1,064.80"",""1,079.34"""
"08/13/2004,""1,064.80"",""1,075.79"",""1,062.82"",""1,064.80"""
"08/12/2004,""1,063.23"",""1,075.79"",""1,062.82"",""1,063.23"""
"08/11/2004,""1,075.79"",""1,079.04"",""1,065.92"",""1,075.79"""
"08/10/2004,""1,079.04"",""1,079.04"",""1,065.22"",""1,079.04"""
"08/09/2004,""1,065.22"",""1,069.46"",""1,063.97"",""1,065.22"""
"08/06/2004,""1,063.97"",""1,080.70"",""1,062.23"",""1,063.97"""
"08/05/2004,""1,080.70"",""1,098.83"",""1,079.98"",""1,080.70"""
"08/04/2004,""1,098.63"",""1,102.45"",""1,092.40"",""1,098.63"""
"08/03/2004,""1,099.69"",""1,106.62"",""1,099.20"",""1,099.69"""
"08/02/2004,""1,106.62"",""1,108.60"",""1,097.34"",""1,106.62"""
"07/30/2004,""1,101.72"",""1,103.73"",""1,096.96"",""1,101.72"""
"07/29/2004,""1,100.43"",""1,103.71"",""1,095.42"",""1,100.43"""
"07/28/2004,""1,095.42"",""1,098.84"",""1,082.17"",""1,095.42"""
"07/27/2004,""1,094.83"",""1,096.65"",""1,084.07"",""1,094.83"""
"07/26/2004,""1,084.07"",""1,089.82"",""1,078.78"",""1,084.07"""
"07/23/2004,""1,086.20"",""1,096.84"",""1,083.49"",""1,086.20"""
"07/22/2004,""1,096.85"",""1,099.69"",""1,084.16"",""1,096.85"""
"07/21/2004,""1,093.88"",""1,116.27"",""1,093.88"",""1,093.88"""
"07/20/2004,""1,108.67"",""1,108.88"",""1,099.10"",""1,108.67"""
"07/19/2004,""1,100.90"",""1,105.52"",""1,096.55"",""1,100.90"""
"07/16/2004,""1,101.39"",""1,112.17"",""1,101.07"",""1,101.39"""
"07/15/2004,""1,106.69"",""1,114.67"",""1,106.60"",""1,106.69"""
"07/14/2004,""1,111.47"",""1,119.60"",""1,107.83"",""1,111.47"""
"07/13/2004,""1,115.14"",""1,116.30"",""1,112.99"",""1,115.14"""
"07/12/2004,""1,114.35"",""1,116.11"",""1,106.71"",""1,114.35"""
"07/09/2004,""1,112.81"",""1,115.57"",""1,109.11"",""1,112.81"""
"07/08/2004,""1,109.11"",""1,119.12"",""1,108.72"",""1,109.11"""
"07/07/2004,""1,118.33"",""1,122.37"",""1,114.92"",""1,118.33"""
"07/06/2004,""1,116.21"",""1,125.38"",""1,113.21"",""1,116.21"""
"07/02/2004,""1,125.38"",""1,129.18"",""1,123.26"",""1,125.38"""
"07/01/2004,""1,128.94"",""1,140.84"",""1,123.06"",""1,128.94"""
"06/30/2004,""1,140.84"",""1,144.22"",""1,133.62"",""1,140.84"""
"06/29/2004,""1,136.20"",""1,138.26"",""1,131.81"",""1,136.20"""
"06/28/2004,""1,133.35"",""1,142.60"",""1,131.62"",""1,133.35"""
"06/25/2004,""1,134.43"",""1,145.97"",""1,134.24"",""1,134.43"""
"06/24/2004,""1,140.65"",""1,146.34"",""1,139.94"",""1,140.65"""
"06/23/2004,""1,144.06"",""1,145.16"",""1,131.73"",""1,144.06"""
"06/22/2004,""1,134.41"",""1,135.05"",""1,124.37"",""1,134.41"""
"06/21/2004,""1,130.30"",""1,138.05"",""1,129.64"",""1,130.30"""
"06/18/2004,""1,135.02"",""1,139.08"",""1,129.82"",""1,135.02"""
"06/17/2004,""1,132.05"",""1,133.56"",""1,126.88"",""1,132.05"""
"06/16/2004,""1,133.56"",""1,135.28"",""1,130.55"",""1,133.56"""
"06/15/2004,""1,132.01"",""1,137.36"",""1,125.29"",""1,132.01"""
"06/14/2004,""1,125.29"",""1,136.47"",""1,122.16"",""1,125.29"""
"06/10/2004,""1,136.47"",""1,136.47"",""1,131.33"",""1,136.47"""
"06/09/2004,""1,131.33"",""1,142.18"",""1,131.16"",""1,131.33"""
"06/08/2004,""1,142.18"",""1,142.18"",""1,135.45"",""1,142.18"""
"06/07/2004,""1,140.42"",""1,140.54"",""1,122.50"",""1,140.42"""
"06/04/2004,""1,122.50"",""1,129.17"",""1,116.64"",""1,122.50"""
"06/03/2004,""1,116.64"",""1,125.31"",""1,116.56"",""1,116.64"""
"06/02/2004,""1,124.99"",""1,128.10"",""1,118.64"",""1,124.99"""
"06/01/2004,""1,121.20"",""1,122.70"",""1,113.32"",""1,121.20"""
"05/28/2004,""1,120.68"",""1,122.69"",""1,118.10"",""1,120.68"""
"05/27/2004,""1,121.28"",""1,123.95"",""1,114.86"",""1,121.28"""
"05/26/2004,""1,114.94"",""1,116.71"",""1,109.91"",""1,114.94"""
"05/25/2004,""1,113.05"",""1,113.80"",""1,090.74"",""1,113.05"""
"05/24/2004,""1,095.41"",""1,101.71"",""1,091.77"",""1,095.41"""
"05/21/2004,""1,093.56"",""1,099.70"",""1,089.19"",""1,093.56"""
"05/20/2004,""1,089.19"",""1,092.62"",""1,085.43"",""1,089.19"""
"05/19/2004,""1,088.68"",""1,105.93"",""1,088.49"",""1,088.68"""
"05/18/2004,""1,091.49"",""1,094.14"",""1,084.10"",""1,091.49"""
"05/17/2004,""1,084.10"",""1,095.70"",""1,079.36"",""1,084.10"""
"05/14/2004,""1,095.70"",""1,102.37"",""1,088.24"",""1,095.70"""
"05/13/2004,""1,096.44"",""1,102.77"",""1,091.76"",""1,096.44"""
"05/12/2004,""1,097.28"",""1,097.55"",""1,076.32"",""1,097.28"""
"05/11/2004,""1,095.45"",""1,095.69"",""1,087.12"",""1,095.45"""
"05/10/2004,""1,087.12"",""1,098.70"",""1,079.63"",""1,087.12"""
"05/07/2004,""1,098.70"",""1,117.33"",""1,098.63"",""1,098.70"""
"05/06/2004,""1,113.99"",""1,121.53"",""1,106.30"",""1,113.99"""
"05/05/2004,""1,121.53"",""1,125.07"",""1,117.86"",""1,121.53"""
"05/04/2004,""1,119.55"",""1,127.74"",""1,112.89"",""1,119.55"""
"05/03/2004,""1,117.49"",""1,118.72"",""1,107.30"",""1,117.49"""
"04/30/2004,""1,107.30"",""1,119.26"",""1,107.23"",""1,107.30"""
"04/29/2004,""1,113.89"",""1,128.80"",""1,108.02"",""1,113.89"""
"04/28/2004,""1,122.41"",""1,138.11"",""1,121.70"",""1,122.41"""
"04/27/2004,""1,138.11"",""1,146.84"",""1,135.53"",""1,138.11"""
"04/26/2004,""1,135.53"",""1,145.08"",""1,132.91"",""1,135.53"""
"04/23/2004,""1,140.60"",""1,141.75"",""1,134.89"",""1,140.60"""
"04/22/2004,""1,139.93"",""1,142.77"",""1,121.92"",""1,139.93"""
"04/21/2004,""1,124.09"",""1,125.72"",""1,116.03"",""1,124.09"""
"04/20/2004,""1,118.15"",""1,139.26"",""1,118.09"",""1,118.15"""
"04/19/2004,""1,135.82"",""1,136.18"",""1,129.84"",""1,135.82"""
"04/16/2004,""1,134.61"",""1,136.80"",""1,126.79"",""1,134.61"""
"04/15/2004,""1,128.84"",""1,134.08"",""1,120.75"",""1,128.84"""
"04/14/2004,""1,128.17"",""1,132.52"",""1,122.15"",""1,128.17"""
"04/13/2004,""1,129.44"",""1,147.81"",""1,127.70"",""1,129.44"""
"04/12/2004,""1,145.20"",""1,147.29"",""1,139.32"",""1,145.20"""
"04/08/2004,""1,139.32"",""1,148.97"",""1,134.52"",""1,139.32"""
"04/07/2004,""1,140.53"",""1,148.16"",""1,138.41"",""1,140.53"""
"04/06/2004,""1,148.16"",""1,150.57"",""1,143.30"",""1,148.16"""
"04/05/2004,""1,150.57"",""1,150.57"",""1,141.64"",""1,150.57"""
"04/02/2004,""1,141.81"",""1,144.81"",""1,132.17"",""1,141.81"""
"04/01/2004,""1,132.17"",""1,135.67"",""1,126.20"",""1,132.17"""
"03/31/2004,""1,126.21"",""1,130.83"",""1,121.46"",""1,126.21"""
"03/30/2004,""1,127.00"",""1,127.60"",""1,119.66"",""1,127.00"""
"03/29/2004,""1,122.47"",""1,124.37"",""1,108.06"",""1,122.47"""
"03/26/2004,""1,108.06"",""1,115.27"",""1,106.13"",""1,108.06"""
"03/25/2004,""1,109.19"",""1,110.32"",""1,091.33"",""1,109.19"""
"03/24/2004,""1,091.33"",""1,098.39"",""1,087.06"",""1,091.33"""
"03/23/2004,""1,093.95"",""1,101.52"",""1,091.57"",""1,093.95"""
"03/22/2004,""1,095.40"",""1,109.78"",""1,089.49"",""1,095.40"""
"03/19/2004,""1,109.78"",""1,122.72"",""1,109.69"",""1,109.78"""
"03/18/2004,""1,122.32"",""1,125.50"",""1,113.25"",""1,122.32"""
"03/17/2004,""1,123.75"",""1,125.76"",""1,110.70"",""1,123.75"""
"03/16/2004,""1,110.70"",""1,113.82"",""1,102.61"",""1,110.70"""
"03/15/2004,""1,104.49"",""1,120.57"",""1,103.36"",""1,104.49"""
"03/12/2004,""1,120.57"",""1,120.63"",""1,106.78"",""1,120.57"""
"03/11/2004,""1,106.78"",""1,125.96"",""1,105.87"",""1,106.78"""
"03/10/2004,""1,123.89"",""1,141.45"",""1,122.53"",""1,123.89"""
"03/09/2004,""1,140.58"",""1,147.32"",""1,136.84"",""1,140.58"""
"03/08/2004,""1,147.21"",""1,159.94"",""1,146.97"",""1,147.21"""
"03/05/2004,""1,156.87"",""1,163.23"",""1,148.71"",""1,156.87"""
"03/04/2004,""1,154.88"",""1,154.97"",""1,149.81"",""1,154.88"""
"03/03/2004,""1,151.04"",""1,152.44"",""1,143.78"",""1,151.04"""
"03/02/2004,""1,149.10"",""1,156.54"",""1,147.31"",""1,149.10"""
"03/01/2004,""1,155.96"",""1,157.45"",""1,144.94"",""1,155.96"""
"02/27/2004,""1,144.94"",""1,151.68"",""1,141.80"",""1,144.94"""
"02/26/2004,""1,144.91"",""1,147.23"",""1,138.62"",""1,144.91"""
"02/25/2004,""1,143.67"",""1,145.24"",""1,138.71"",""1,143.67"""
"02/24/2004,""1,139.09"",""1,144.54"",""1,134.43"",""1,139.09"""
"02/23/2004,""1,140.99"",""1,146.69"",""1,136.98"",""1,140.99"""
"02/20/2004,""1,144.11"",""1,149.81"",""1,139.00"",""1,144.11"""
"02/19/2004,""1,147.06"",""1,158.57"",""1,146.83"",""1,147.06"""
"02/18/2004,""1,151.82"",""1,157.40"",""1,149.42"",""1,151.82"""
"02/17/2004,""1,156.99"",""1,158.98"",""1,145.81"",""1,156.99"""
"02/13/2004,""1,145.81"",""1,156.88"",""1,143.23"",""1,145.81"""
"02/12/2004,""1,152.11"",""1,157.76"",""1,151.44"",""1,152.11"""
"02/11/2004,""1,157.76"",""1,158.89"",""1,142.33"",""1,157.76"""
"02/10/2004,""1,145.54"",""1,147.02"",""1,138.70"",""1,145.54"""
"02/09/2004,""1,139.81"",""1,144.46"",""1,139.21"",""1,139.81"""
"02/06/2004,""1,142.76"",""1,142.79"",""1,128.39"",""1,142.76"""
"02/05/2004,""1,128.59"",""1,131.17"",""1,124.44"",""1,128.59"""
"02/04/2004,""1,126.52"",""1,136.03"",""1,124.74"",""1,126.52"""
"02/03/2004,""1,136.03"",""1,137.44"",""1,131.33"",""1,136.03"""
"02/02/2004,""1,135.26"",""1,142.58"",""1,127.87"",""1,135.26"""
"01/30/2004,""1,131.13"",""1,134.17"",""1,127.73"",""1,131.13"""
"01/29/2004,""1,134.11"",""1,134.39"",""1,122.38"",""1,134.11"""
"01/28/2004,""1,128.48"",""1,149.14"",""1,126.50"",""1,128.48"""
"01/27/2004,""1,144.05"",""1,155.37"",""1,144.05"",""1,144.05"""
"01/26/2004,""1,155.37"",""1,155.38"",""1,141.00"",""1,155.37"""
"01/23/2004,""1,141.55"",""1,150.31"",""1,136.85"",""1,141.55"""
"01/22/2004,""1,143.94"",""1,150.51"",""1,143.01"",""1,143.94"""
"01/21/2004,""1,147.62"",""1,149.21"",""1,134.62"",""1,147.62"""
"01/20/2004,""1,138.77"",""1,142.93"",""1,135.40"",""1,138.77"""
"01/16/2004,""1,139.83"",""1,139.83"",""1,132.05"",""1,139.83"""
"01/15/2004,""1,132.05"",""1,137.11"",""1,124.50"",""1,132.05"""
"01/14/2004,""1,130.52"",""1,130.75"",""1,121.22"",""1,130.52"""
"01/13/2004,""1,121.22"",""1,129.07"",""1,115.19"",""1,121.22"""
"01/12/2004,""1,127.23"",""1,127.85"",""1,120.90"",""1,127.23"""
"01/09/2004,""1,121.86"",""1,131.92"",""1,120.90"",""1,121.86"""
"01/08/2004,""1,131.92"",""1,131.92"",""1,124.91"",""1,131.92"""
"01/07/2004,""1,126.33"",""1,126.33"",""1,116.45"",""1,126.33"""
"01/06/2004,""1,123.67"",""1,124.46"",""1,118.44"",""1,123.67"""
"01/05/2004,""1,122.22"",""1,122.22"",""1,108.48"",""1,122.22"""
"01/02/2004,""1,108.48"",""1,118.85"",""1,105.08"",""1,108.48"""
"12/31/2003,""1,111.92"",""1,112.56"",""1,106.21"",""1,111.92"""
"12/30/2003,""1,109.64"",""1,109.75"",""1,106.41"",""1,109.64"""
"12/29/2003,""1,109.48"",""1,109.48"",""1,095.89"",""1,109.48"""
"12/26/2003,""1,095.89"",""1,098.47"",""1,094.04"",""1,095.89"""
"12/24/2003,""1,094.04"",""1,096.40"",""1,092.73"",""1,094.04"""
"12/23/2003,""1,096.02"",""1,096.95"",""1,091.73"",""1,096.02"""
"12/22/2003,""1,092.94"",""1,092.94"",""1,086.14"",""1,092.94"""
"12/19/2003,""1,088.67"",""1,091.06"",""1,084.19"",""1,088.67"""
"12/18/2003,""1,089.18"",""1,089.50"",""1,076.48"",""1,089.18"""
"12/17/2003,""1,076.48"",""1,076.54"",""1,071.14"",""1,076.48"""
"12/16/2003,""1,075.13"",""1,075.94"",""1,068.04"",""1,075.13"""
"12/15/2003,""1,068.04"",""1,082.79"",""1,068.00"",""1,068.04"""
"12/12/2003,""1,074.14"",""1,074.76"",""1,067.64"",""1,074.14"""
"12/11/2003,""1,071.22"",""1,073.63"",""1,059.05"",""1,071.22"""
"12/10/2003,""1,059.05"",""1,063.02"",""1,053.41"",""1,059.05"""
"12/09/2003,""1,060.18"",""1,071.94"",""1,059.16"",""1,060.18"""
"12/08/2003,""1,069.30"",""1,069.59"",""1,060.93"",""1,069.30"""
"12/05/2003,""1,061.50"",""1,069.72"",""1,060.09"",""1,061.50"""
"12/04/2003,""1,069.72"",""1,070.37"",""1,063.15"",""1,069.72"""
"12/03/2003,""1,064.73"",""1,074.30"",""1,064.63"",""1,064.73"""
"12/02/2003,""1,066.62"",""1,071.22"",""1,065.22"",""1,066.62"""
"12/01/2003,""1,070.12"",""1,070.47"",""1,058.20"",""1,070.12"""
"11/28/2003,""1,058.20"",""1,060.63"",""1,056.77"",""1,058.20"""
"11/26/2003,""1,058.45"",""1,058.45"",""1,048.28"",""1,058.45"""
"11/25/2003,""1,053.89"",""1,058.05"",""1,049.31"",""1,053.89"""
"11/24/2003,""1,052.08"",""1,052.08"",""1,035.28"",""1,052.08"""
"11/21/2003,""1,035.28"",""1,037.57"",""1,031.20"",""1,035.28"""
"11/20/2003,""1,033.65"",""1,046.48"",""1,033.42"",""1,033.65"""
"11/19/2003,""1,042.44"",""1,043.95"",""1,034.15"",""1,042.44"""
"11/18/2003,""1,034.15"",""1,048.77"",""1,034.00"",""1,034.15"""
"11/17/2003,""1,043.63"",""1,050.35"",""1,035.28"",""1,043.63"""
"11/14/2003,""1,050.35"",""1,063.65"",""1,048.11"",""1,050.35"""
"11/13/2003,""1,058.41"",""1,059.62"",""1,052.96"",""1,058.41"""
"11/12/2003,""1,058.56"",""1,059.10"",""1,046.57"",""1,058.56"""
"11/11/2003,""1,046.57"",""1,048.23"",""1,043.46"",""1,046.57"""
"11/10/2003,""1,047.11"",""1,053.65"",""1,045.58"",""1,047.11"""
"11/07/2003,""1,053.21"",""1,062.39"",""1,052.17"",""1,053.21"""
"11/06/2003,""1,058.05"",""1,058.94"",""1,046.93"",""1,058.05"""
"11/05/2003,""1,051.81"",""1,054.54"",""1,044.88"",""1,051.81"""
"11/04/2003,""1,053.25"",""1,059.02"",""1,051.70"",""1,053.25"""
"11/03/2003,""1,059.02"",""1,061.44"",""1,050.71"",""1,059.02"""
"10/31/2003,""1,050.71"",""1,053.09"",""1,046.94"",""1,050.71"""
"10/30/2003,""1,046.94"",""1,052.82"",""1,043.82"",""1,046.94"""
"10/29/2003,""1,048.11"",""1,049.83"",""1,043.35"",""1,048.11"""
"10/28/2003,""1,046.79"",""1,046.79"",""1,031.13"",""1,046.79"""
"10/27/2003,""1,031.13"",""1,037.58"",""1,028.91"",""1,031.13"""
"10/24/2003,""1,028.91"",""1,033.77"",""1,018.32"",""1,028.91"""
"10/23/2003,""1,033.77"",""1,035.44"",""1,025.87"",""1,033.77"""
"10/22/2003,""1,030.36"",""1,046.03"",""1,028.39"",""1,030.36"""
"10/21/2003,""1,046.03"",""1,048.57"",""1,042.50"",""1,046.03"""
"10/20/2003,""1,044.68"",""1,044.69"",""1,036.13"",""1,044.68"""
"10/17/2003,""1,039.32"",""1,051.90"",""1,036.57"",""1,039.32"""
"10/16/2003,""1,050.07"",""1,052.94"",""1,044.04"",""1,050.07"""
"10/15/2003,""1,046.76"",""1,053.79"",""1,043.15"",""1,046.76"""
"10/14/2003,""1,049.48"",""1,049.49"",""1,040.84"",""1,049.48"""
"10/13/2003,""1,045.35"",""1,048.90"",""1,038.06"",""1,045.35"""
"10/10/2003,""1,038.06"",""1,040.84"",""1,035.74"",""1,038.06"""
"10/09/2003,""1,038.73"",""1,048.28"",""1,033.78"",""1,038.73"""
"10/08/2003,""1,033.78"",""1,040.08"",""1,030.96"",""1,033.78"""
"10/07/2003,""1,039.25"",""1,039.25"",""1,026.19"",""1,039.25"""
"10/06/2003,""1,034.35"",""1,036.48"",""1,029.15"",""1,034.35"""
"10/03/2003,""1,029.85"",""1,039.31"",""1,020.24"",""1,029.85"""
"10/02/2003,""1,020.24"",""1,021.87"",""1,013.38"",""1,020.24"""
"10/01/2003,""1,018.22"",""1,018.22"",""995.97"",""1,018.22"""
"09/30/2003,""995.97"",""1,006.58"",""990.36"",""995.97"""
"09/29/2003,""1,006.58"",""1,006.89"",""995.31"",""1,006.58"""
"09/26/2003,""996.85"",""1,003.45"",""996.08"",""996.85"""
"09/25/2003,""1,003.27"",""1,015.97"",""1,003.26"",""1,003.27"""
"09/24/2003,""1,009.38"",""1,029.83"",""1,008.93"",""1,009.38"""
"09/23/2003,""1,029.03"",""1,030.12"",""1,021.54"",""1,029.03"""
"09/22/2003,""1,022.82"",""1,036.30"",""1,018.30"",""1,022.82"""
"09/19/2003,""1,036.30"",""1,040.29"",""1,031.89"",""1,036.30"""
"09/18/2003,""1,039.58"",""1,040.16"",""1,025.75"",""1,039.58"""
"09/17/2003,""1,025.97"",""1,031.34"",""1,024.53"",""1,025.97"""
"09/16/2003,""1,029.32"",""1,029.66"",""1,014.81"",""1,029.32"""
"09/15/2003,""1,014.81"",""1,019.79"",""1,013.59"",""1,014.81"""
"09/12/2003,""1,018.63"",""1,019.65"",""1,007.71"",""1,018.63"""
"09/11/2003,""1,016.42"",""1,020.88"",""1,010.92"",""1,016.42"""
"09/10/2003,""1,010.92"",""1,023.17"",""1,009.74"",""1,010.92"""
"09/09/2003,""1,023.17"",""1,031.64"",""1,021.14"",""1,023.17"""
"09/08/2003,""1,031.64"",""1,032.41"",""1,021.39"",""1,031.64"""
"09/05/2003,""1,021.39"",""1,029.21"",""1,018.19"",""1,021.39"""
"09/04/2003,""1,027.97"",""1,029.17"",""1,022.19"",""1,027.97"""
"09/03/2003,""1,026.27"",""1,029.34"",""1,021.99"",""1,026.27"""
"09/02/2003,""1,021.99"",""1,022.59"",""1,005.67"",""1,021.99"""
"08/29/2003,""1,008.01"",""1,008.85"",""999.52"",""1,008.01"""
"08/28/2003,""1,002.84"",""1,004.12"",""991.42"",""1,002.84"""
"08/27/2003,""996.79"",""998.05"",""993.33"",""996.79"""
"08/26/2003,""996.73"",""997.93"",""983.67"",""996.73"""
"08/25/2003,""993.71"",""993.71"",""987.91"",""993.71"""
"08/22/2003,""993.06"",""1,011.01"",""992.62"",""993.06"""
"08/21/2003,""1,003.27"",""1,009.53"",""999.33"",""1,003.27"""
"08/20/2003,""1,000.30"",""1,003.54"",""996.62"",""1,000.30"""
"08/19/2003,""1,002.35"",""1,003.20"",""995.30"",""1,002.35"""
"08/18/2003,""999.74"",""1,000.35"",""990.67"",""999.74"""
"08/15/2003,""990.67"",""992.39"",""986.44"",""990.67"""
"08/14/2003,""990.51"",""991.91"",""980.36"",""990.51"""
"08/13/2003,""984.03"",""992.50"",""980.85"",""984.03"""
"08/12/2003,""990.35"",""990.41"",""979.90"",""990.35"""
"08/11/2003,""980.59"",""985.46"",""974.21"",""980.59"""
"08/08/2003,""977.59"",""980.57"",""973.83"",""977.59"""
"08/07/2003,""974.12"",""974.89"",""963.82"",""974.12"""
"08/06/2003,""967.08"",""975.74"",""960.84"",""967.08"""
"08/05/2003,""965.46"",""982.82"",""964.97"",""965.46"""
"08/04/2003,""982.82"",""985.75"",""966.79"",""982.82"""
"08/01/2003,""980.15"",""990.31"",""978.86"",""980.15"""
"07/31/2003,""990.31"",""1,004.59"",""987.49"",""990.31"""
"07/30/2003,""987.49"",""992.62"",""985.96"",""987.49"""
"07/29/2003,""989.28"",""998.42"",""984.35"",""989.28"""
"07/28/2003,""996.52"",""1,000.68"",""993.64"",""996.52"""
"07/25/2003,""998.68"",""998.71"",""977.42"",""998.68"""
"07/24/2003,""981.60"",""998.83"",""981.31"",""981.60"""
"07/23/2003,""988.61"",""989.79"",""979.79"",""988.61"""
"07/22/2003,""988.11"",""990.11"",""976.11"",""988.11"""
"07/21/2003,""978.80"",""993.32"",""975.75"",""978.80"""
"07/18/2003,""993.32"",""994.17"",""981.73"",""993.32"""
"07/17/2003,""981.73"",""994.00"",""978.92"",""981.73"""
"07/16/2003,""994.00"",""1,003.37"",""989.36"",""994.00"""
"07/15/2003,""1,000.42"",""1,009.59"",""996.72"",""1,000.42"""
"07/14/2003,""1,003.86"",""1,015.36"",""998.14"",""1,003.86"""
"07/11/2003,""998.14"",""1,000.85"",""988.70"",""998.14"""
"07/10/2003,""988.70"",""1,002.21"",""983.74"",""988.70"""
"07/09/2003,""1,002.21"",""1,010.41"",""998.23"",""1,002.21"""
"07/08/2003,""1,007.84"",""1,008.89"",""998.79"",""1,007.84"""
"07/07/2003,""1,004.42"",""1,005.58"",""985.58"",""1,004.42"""
"07/03/2003,""985.70"",""994.92"",""983.41"",""985.70"""
"07/02/2003,""993.75"",""993.76"",""982.32"",""993.75"""
"07/01/2003,""982.32"",""983.27"",""962.13"",""982.32"""
"06/30/2003,""974.50"",""983.63"",""973.65"",""974.50"""
"06/27/2003,""976.22"",""988.83"",""974.29"",""976.22"""
"06/26/2003,""985.82"",""986.31"",""973.97"",""985.82"""
"06/25/2003,""975.32"",""991.64"",""975.04"",""975.32"""
"06/24/2003,""983.45"",""987.78"",""979.24"",""983.45"""
"06/23/2003,""981.64"",""995.69"",""977.46"",""981.64"""
"06/20/2003,""995.69"",""1,002.04"",""993.49"",""995.69"""
"06/19/2003,""994.70"",""1,011.16"",""993.25"",""994.70"""
"06/18/2003,""1,010.09"",""1,015.06"",""1,004.61"",""1,010.09"""
"06/17/2003,""1,011.66"",""1,015.26"",""1,007.21"",""1,011.66"""
"06/16/2003,""1,010.74"",""1,010.86"",""988.61"",""1,010.74"""
"06/13/2003,""988.61"",""1,000.83"",""984.31"",""988.61"""
"06/12/2003,""998.51"",""1,002.72"",""991.25"",""998.51"""
"06/11/2003,""997.48"",""997.48"",""981.85"",""997.48"""
"06/10/2003,""984.84"",""984.84"",""975.93"",""984.84"""
"06/09/2003,""975.93"",""987.76"",""972.74"",""975.93"""
"06/06/2003,""987.76"",""1,007.63"",""986.10"",""987.76"""
"06/05/2003,""990.14"",""990.14"",""978.17"",""990.14"""
"06/04/2003,""986.24"",""987.73"",""970.86"",""986.24"""
"06/03/2003,""971.56"",""972.96"",""964.59"",""971.56"""
"06/02/2003,""967.00"",""979.09"",""963.59"",""967.00"""
"05/30/2003,""963.59"",""965.11"",""949.64"",""963.59"""
"05/29/2003,""949.64"",""962.11"",""946.36"",""949.64"""
"05/28/2003,""953.22"",""959.34"",""950.21"",""953.22"""
"05/27/2003,""951.48"",""952.74"",""927.60"",""951.48"""
"05/23/2003,""933.22"",""935.14"",""927.45"",""933.22"""
"05/22/2003,""931.87"",""935.27"",""922.57"",""931.87"""
"05/21/2003,""923.42"",""923.80"",""914.98"",""923.42"""
"05/20/2003,""919.73"",""925.30"",""912.06"",""919.73"""
"05/19/2003,""920.77"",""944.30"",""920.23"",""920.77"""
"05/16/2003,""944.30"",""948.66"",""938.64"",""944.30"""
"05/15/2003,""946.67"",""948.12"",""938.95"",""946.67"""
"05/14/2003,""939.28"",""947.02"",""935.33"",""939.28"""
"05/13/2003,""942.30"",""947.51"",""938.99"",""942.30"""
"05/12/2003,""945.11"",""946.69"",""929.40"",""945.11"""
"05/09/2003,""933.41"",""933.73"",""920.27"",""933.41"""
"05/08/2003,""920.27"",""929.62"",""919.73"",""920.27"""
"05/07/2003,""929.62"",""937.14"",""926.43"",""929.62"""
"05/06/2003,""934.39"",""939.49"",""926.38"",""934.39"""
"05/05/2003,""926.55"",""933.89"",""924.61"",""926.55"""
"05/02/2003,""930.08"",""930.53"",""912.38"",""930.08"""
"05/01/2003,""916.30"",""919.68"",""903.17"",""916.30"""
"04/30/2003,""916.92"",""922.09"",""911.79"",""916.92"""
"04/29/2003,""917.84"",""924.24"",""911.27"",""917.84"""
"04/28/2003,""914.84"",""918.01"",""898.81"",""914.84"""
"04/25/2003,""898.81"",""911.43"",""897.57"",""898.81"""
"04/24/2003,""911.43"",""919.02"",""906.70"",""911.43"""
"04/23/2003,""919.02"",""919.70"",""909.90"",""919.02"""
"04/22/2003,""911.37"",""911.70"",""886.79"",""911.37"""
"04/21/2003,""892.01"",""897.86"",""888.51"",""892.01"""
"04/17/2003,""893.58"",""893.81"",""878.92"",""893.58"""
"04/16/2003,""879.91"",""896.73"",""877.98"",""879.91"""
"04/15/2003,""890.81"",""891.23"",""881.83"",""890.81"""
"04/14/2003,""885.23"",""885.26"",""868.30"",""885.23"""
"04/11/2003,""868.30"",""883.07"",""866.00"",""868.30"""
"04/10/2003,""871.58"",""871.68"",""862.76"",""871.58"""
"04/09/2003,""865.99"",""887.10"",""865.77"",""865.99"""
"04/08/2003,""878.29"",""882.75"",""874.88"",""878.29"""
"04/07/2003,""879.93"",""904.76"",""878.85"",""879.93"""
"04/04/2003,""878.85"",""882.52"",""874.32"",""878.85"""
"04/03/2003,""876.45"",""885.77"",""876.21"",""876.45"""
"04/02/2003,""880.90"",""884.57"",""858.48"",""880.90"""
"04/01/2003,""858.48"",""861.26"",""847.95"",""858.48"""
"03/31/2003,""848.18"",""863.50"",""843.71"",""848.18"""
"03/28/2003,""863.50"",""869.84"",""860.85"",""863.50"""
"03/27/2003,""868.52"",""874.15"",""858.06"",""868.52"""
"03/26/2003,""869.95"",""875.81"",""866.63"",""869.95"""
"03/25/2003,""874.74"",""879.82"",""862.56"",""874.74"""
"03/24/2003,""864.23"",""895.79"",""862.17"",""864.23"""
"03/21/2003,""895.79"",""895.89"",""875.84"",""895.79"""
"03/20/2003,""875.67"",""879.62"",""859.07"",""875.67"""
"03/19/2003,""874.02"",""874.96"",""861.24"",""874.02"""
"03/18/2003,""866.45"",""866.90"",""857.64"",""866.45"""
"03/17/2003,""862.79"",""862.79"",""827.15"",""862.79"""
"03/14/2003,""833.27"",""841.33"",""828.35"",""833.27"""
"03/13/2003,""831.90"",""832.02"",""804.19"",""831.90"""
"03/12/2003,""804.19"",""804.19"",""788.94"",""804.19"""
"03/11/2003,""800.73"",""813.85"",""800.33"",""800.73"""
"03/10/2003,""807.48"",""828.89"",""806.62"",""807.48"""
"03/07/2003,""828.89"",""829.42"",""811.35"",""828.89"""
"03/06/2003,""822.10"",""829.85"",""819.96"",""822.10"""
"03/05/2003,""829.85"",""829.87"",""819.16"",""829.85"""
"03/04/2003,""821.99"",""835.25"",""821.97"",""821.99"""
"03/03/2003,""834.81"",""852.25"",""832.74"",""834.81"""
"02/28/2003,""841.15"",""846.99"",""837.28"",""841.15"""
"02/27/2003,""837.28"",""842.07"",""827.55"",""837.28"""
"02/26/2003,""827.55"",""839.98"",""826.77"",""827.55"""
"02/25/2003,""838.57"",""839.57"",""818.52"",""838.57"""
"02/24/2003,""832.58"",""848.17"",""832.18"",""832.58"""
"02/21/2003,""848.17"",""852.10"",""831.87"",""848.17"""
"02/20/2003,""837.10"",""849.18"",""836.59"",""837.10"""
"02/19/2003,""845.13"",""851.17"",""839.03"",""845.13"""
"02/18/2003,""851.17"",""852.92"",""834.89"",""851.17"""
"02/14/2003,""834.89"",""834.89"",""815.05"",""834.89"""
"02/13/2003,""817.37"",""820.84"",""806.32"",""817.37"""
"02/12/2003,""818.68"",""832.04"",""818.50"",""818.68"""
"02/11/2003,""829.20"",""843.00"",""825.10"",""829.20"""
"02/10/2003,""835.97"",""837.02"",""823.58"",""835.97"""
"02/07/2003,""829.69"",""845.58"",""826.70"",""829.69"""
"02/06/2003,""838.15"",""844.26"",""833.51"",""838.15"""
"02/05/2003,""843.59"",""861.43"",""842.20"",""843.59"""
"02/04/2003,""848.20"",""860.32"",""840.34"",""848.20"""
"02/03/2003,""860.32"",""864.67"",""855.70"",""860.32"""
"01/31/2003,""855.70"",""859.29"",""840.28"",""855.70"""
"01/30/2003,""844.61"",""865.20"",""843.93"",""844.61"""
"01/29/2003,""864.36"",""868.56"",""846.04"",""864.36"""
"01/28/2003,""858.54"",""860.52"",""847.48"",""858.54"""
"01/27/2003,""847.48"",""863.92"",""844.31"",""847.48"""
"01/24/2003,""861.40"",""887.34"",""859.82"",""861.40"""
"01/23/2003,""887.34"",""890.14"",""876.96"",""887.34"""
"01/22/2003,""878.36"",""889.47"",""877.65"",""878.36"""
"01/21/2003,""887.62"",""906.01"",""887.62"",""887.62"""
"01/17/2003,""901.78"",""914.60"",""899.07"",""901.78"""
"01/16/2003,""914.60"",""925.97"",""911.99"",""914.60"""
"01/15/2003,""918.22"",""932.57"",""916.81"",""918.22"""
"01/14/2003,""931.66"",""931.66"",""921.89"",""931.66"""
"01/13/2003,""926.26"",""935.06"",""922.04"",""926.26"""
"01/10/2003,""927.57"",""932.76"",""917.75"",""927.57"""
"01/09/2003,""927.58"",""928.28"",""909.93"",""927.58"""
"01/08/2003,""909.93"",""922.93"",""908.35"",""909.93"""
"01/07/2003,""922.93"",""930.65"",""919.98"",""922.93"""
"01/06/2003,""929.01"",""931.70"",""908.59"",""929.01"""
"01/03/2003,""908.59"",""910.99"",""903.23"",""908.59"""
"01/02/2003,""909.03"",""909.03"",""879.82"",""909.03"""
"12/31/2002,""879.82"",""881.83"",""869.43"",""879.82"""
"12/30/2002,""879.39"",""882.03"",""870.29"",""879.39"""
"12/27/2002,""875.40"",""890.42"",""873.67"",""875.40"""
"12/26/2002,""889.66"",""903.77"",""887.51"",""889.66"""
"12/24/2002,""892.47"",""897.38"",""892.32"",""892.47"""
"12/23/2002,""897.38"",""902.42"",""892.27"",""897.38"""
"12/20/2002,""895.75"",""897.75"",""884.26"",""895.75"""
"12/19/2002,""884.25"",""899.12"",""880.36"",""884.25"""
"12/18/2002,""891.12"",""902.99"",""887.97"",""891.12"""
"12/17/2002,""902.99"",""911.06"",""901.76"",""902.99"""
"12/16/2002,""910.40"",""910.43"",""889.48"",""910.40"""
"12/13/2002,""889.48"",""901.58"",""888.84"",""889.48"""
"12/12/2002,""901.59"",""908.32"",""896.99"",""901.59"""
"12/11/2002,""904.96"",""909.89"",""896.72"",""904.96"""
"12/10/2002,""904.45"",""904.94"",""892.00"",""904.45"""
"12/09/2002,""892.00"",""912.23"",""892.00"",""892.00"""
"12/06/2002,""912.23"",""915.20"",""895.97"",""912.23"""
"12/05/2002,""906.55"",""921.54"",""905.93"",""906.55"""
"12/04/2002,""917.57"",""925.28"",""909.71"",""917.57"""
"12/03/2002,""920.75"",""934.53"",""918.78"",""920.75"""
"12/02/2002,""934.53"",""954.32"",""927.73"",""934.53"""
"11/29/2002,""936.31"",""941.76"",""935.70"",""936.31"""
"11/27/2002,""938.87"",""940.42"",""913.31"",""938.87"""
"11/26/2002,""913.31"",""932.87"",""912.11"",""913.31"""
"11/25/2002,""932.88"",""937.07"",""923.43"",""932.88"""
"11/22/2002,""930.55"",""937.27"",""928.42"",""930.55"""
"11/21/2002,""933.76"",""935.13"",""914.15"",""933.76"""
"11/20/2002,""914.15"",""914.99"",""894.95"",""914.15"""
"11/19/2002,""896.74"",""905.36"",""893.10"",""896.74"""
"11/18/2002,""900.36"",""915.91"",""899.51"",""900.36"""
"11/15/2002,""909.83"",""910.18"",""895.40"",""909.83"""
"11/14/2002,""904.27"",""904.27"",""882.53"",""904.27"""
"11/13/2002,""882.53"",""892.32"",""872.16"",""882.53"""
"11/12/2002,""882.95"",""894.24"",""876.19"",""882.95"""
"11/11/2002,""876.19"",""894.74"",""874.66"",""876.19"""
"11/08/2002,""894.74"",""910.10"",""891.66"",""894.74"""
"11/07/2002,""902.65"",""923.76"",""898.72"",""902.65"""
"11/06/2002,""923.76"",""925.67"",""905.49"",""923.76"""
"11/05/2002,""915.39"",""915.82"",""905.03"",""915.39"""
"11/04/2002,""908.35"",""924.55"",""900.96"",""908.35"""
"11/01/2002,""900.96"",""903.26"",""877.82"",""900.96"""
"10/31/2002,""885.76"",""898.58"",""879.75"",""885.76"""
"10/30/2002,""890.71"",""895.09"",""879.27"",""890.71"""
"10/29/2002,""882.15"",""890.59"",""867.96"",""882.15"""
"10/28/2002,""890.23"",""907.51"",""886.16"",""890.23"""
"10/25/2002,""897.65"",""897.65"",""877.18"",""897.65"""
"10/24/2002,""882.50"",""902.88"",""879.03"",""882.50"""
"10/23/2002,""896.14"",""896.14"",""873.89"",""896.14"""
"10/22/2002,""890.16"",""899.72"",""882.48"",""890.16"""
"10/21/2002,""899.72"",""900.67"",""873.16"",""899.72"""
"10/18/2002,""884.39"",""886.47"",""866.66"",""884.39"""
"10/17/2002,""879.20"",""885.30"",""860.22"",""879.20"""
"10/16/2002,""860.02"",""881.27"",""856.28"",""860.02"""
"10/15/2002,""881.27"",""881.27"",""841.44"",""881.27"""
"10/14/2002,""841.44"",""844.44"",""828.48"",""841.44"""
"10/11/2002,""835.32"",""843.10"",""803.92"",""835.32"""
"10/10/2002,""803.92"",""806.48"",""768.67"",""803.92"""
"10/09/2002,""776.76"",""798.55"",""775.86"",""776.76"""
"10/08/2002,""798.55"",""808.79"",""779.55"",""798.55"""
"10/07/2002,""785.28"",""808.18"",""783.06"",""785.28"""
"10/04/2002,""800.58"",""825.86"",""794.17"",""800.58"""
"10/03/2002,""818.95"",""839.76"",""817.46"",""818.95"""
"10/02/2002,""827.91"",""851.91"",""826.60"",""827.91"""
"10/01/2002,""847.91"",""847.93"",""812.83"",""847.91"""
"09/30/2002,""815.28"",""827.37"",""800.26"",""815.28"""
"09/27/2002,""827.37"",""854.95"",""826.91"",""827.37"""
"09/26/2002,""854.95"",""856.59"",""839.66"",""854.95"""
"09/25/2002,""839.66"",""843.92"",""818.52"",""839.66"""
"09/24/2002,""819.29"",""833.77"",""817.65"",""819.29"""
"09/23/2002,""833.70"",""845.39"",""825.81"",""833.70"""
"09/20/2002,""845.39"",""849.35"",""839.22"",""845.39"""
"09/19/2002,""843.32"",""869.46"",""843.11"",""843.32"""
"09/18/2002,""869.46"",""878.30"",""857.40"",""869.46"""
"09/17/2002,""873.52"",""902.63"",""872.40"",""873.52"""
"09/16/2002,""891.10"",""891.65"",""879.17"",""891.10"""
"09/13/2002,""889.81"",""892.50"",""877.17"",""889.81"""
"09/12/2002,""886.91"",""909.45"",""884.90"",""886.91"""
"09/11/2002,""909.45"",""923.98"",""908.50"",""909.45"""
"09/10/2002,""909.58"",""909.90"",""900.52"",""909.58"""
"09/09/2002,""902.96"",""907.19"",""883.12"",""902.96"""
"09/06/2002,""893.92"",""899.01"",""879.15"",""893.92"""
"09/05/2002,""879.15"",""893.40"",""870.55"",""879.15"""
"09/04/2002,""893.40"",""896.10"",""875.86"",""893.40"""
"09/03/2002,""878.02"",""916.07"",""877.54"",""878.02"""
"08/30/2002,""916.07"",""928.07"",""910.17"",""916.07"""
"08/29/2002,""917.80"",""924.61"",""903.30"",""917.80"""
"08/28/2002,""917.87"",""934.82"",""913.39"",""917.87"""
"08/27/2002,""934.82"",""955.46"",""930.33"",""934.82"""
"08/26/2002,""947.95"",""950.64"",""930.50"",""947.95"""
"08/23/2002,""940.86"",""962.70"",""937.17"",""940.86"""
"08/22/2002,""962.70"",""964.84"",""946.87"",""962.70"""
"08/21/2002,""949.36"",""951.44"",""931.34"",""949.36"""
"08/20/2002,""937.43"",""950.70"",""931.88"",""937.43"""
"08/19/2002,""950.72"",""951.13"",""927.30"",""950.72"""
"08/16/2002,""928.77"",""935.37"",""916.56"",""928.77"""
"08/15/2002,""930.25"",""932.43"",""918.23"",""930.25"""
"08/14/2002,""919.62"",""920.13"",""876.20"",""919.62"""
"08/13/2002,""884.21"",""911.75"",""883.68"",""884.21"""
"08/12/2002,""903.80"",""908.64"",""892.49"",""903.80"""
"08/09/2002,""908.64"",""913.89"",""890.84"",""908.64"""
"08/08/2002,""905.46"",""905.86"",""875.16"",""905.46"""
"08/07/2002,""876.77"",""878.49"",""854.23"",""876.77"""
"08/06/2002,""859.57"",""874.18"",""834.60"",""859.57"""
"08/05/2002,""834.60"",""864.24"",""833.44"",""834.60"""
"08/02/2002,""864.24"",""884.70"",""853.99"",""864.24"""
"08/01/2002,""884.66"",""911.62"",""882.56"",""884.66"""
"07/31/2002,""911.62"",""911.63"",""889.87"",""911.62"""
"07/30/2002,""902.78"",""909.69"",""884.93"",""902.78"""
"07/29/2002,""898.96"",""898.96"",""852.84"",""898.96"""
"07/26/2002,""852.84"",""852.84"",""836.22"",""852.84"""
"07/25/2002,""838.68"",""853.72"",""816.16"",""838.68"""
"07/24/2002,""843.42"",""844.20"",""775.96"",""843.42"""
"07/23/2002,""797.70"",""827.63"",""796.24"",""797.70"""
"07/22/2002,""819.85"",""853.90"",""813.54"",""819.85"""
"07/19/2002,""847.76"",""881.56"",""842.14"",""847.76"""
"07/18/2002,""881.56"",""907.66"",""880.71"",""881.56"""
"07/17/2002,""906.04"",""926.55"",""895.39"",""906.04"""
"07/16/2002,""901.05"",""918.69"",""897.28"",""901.05"""
"07/15/2002,""917.93"",""921.39"",""876.57"",""917.93"""
"07/12/2002,""921.39"",""934.07"",""913.71"",""921.39"""
"07/11/2002,""927.37"",""928.99"",""901.01"",""927.37"""
"07/10/2002,""920.47"",""956.04"",""920.31"",""920.47"""
"07/09/2002,""952.83"",""979.69"",""951.78"",""952.83"""
"07/08/2002,""976.98"",""993.59"",""973.04"",""976.98"""
"07/05/2002,""989.03"",""989.07"",""953.99"",""989.03"""
"07/03/2002,""953.99"",""954.20"",""934.88"",""953.99"""
"07/02/2002,""948.09"",""968.65"",""945.65"",""948.09"""
"07/01/2002,""968.65"",""994.35"",""967.52"",""968.65"""
"06/28/2002,""989.81"",""1,001.78"",""988.57"",""989.81"""
"06/27/2002,""990.64"",""990.65"",""963.93"",""990.64"""
"06/26/2002,""973.53"",""977.29"",""953.08"",""973.53"""
"06/25/2002,""976.14"",""1,005.90"",""974.09"",""976.14"""
"06/24/2002,""992.72"",""1,001.95"",""970.90"",""992.72"""
"06/21/2002,""989.14"",""1,006.29"",""985.66"",""989.14"""
"06/20/2002,""1,006.29"",""1,023.18"",""1,004.69"",""1,006.29"""
"06/19/2002,""1,019.99"",""1,037.51"",""1,017.93"",""1,019.99"""
"06/18/2002,""1,037.14"",""1,040.78"",""1,031.04"",""1,037.14"""
"06/17/2002,""1,036.17"",""1,036.17"",""1,007.27"",""1,036.17"""
"06/14/2002,""1,007.27"",""1,009.56"",""981.72"",""1,007.27"""
"06/13/2002,""1,009.56"",""1,023.37"",""1,008.09"",""1,009.56"""
"06/12/2002,""1,020.26"",""1,021.86"",""1,002.61"",""1,020.26"""
"06/11/2002,""1,013.60"",""1,038.95"",""1,013.01"",""1,013.60"""
"06/10/2002,""1,030.74"",""1,038.08"",""1,025.57"",""1,030.74"""
"06/07/2002,""1,027.53"",""1,033.02"",""1,012.45"",""1,027.53"""
"06/06/2002,""1,029.15"",""1,049.90"",""1,026.91"",""1,029.15"""
"06/05/2002,""1,049.90"",""1,050.05"",""1,038.92"",""1,049.90"""
"06/04/2002,""1,040.69"",""1,046.01"",""1,030.64"",""1,040.69"""
"06/03/2002,""1,040.68"",""1,070.66"",""1,039.91"",""1,040.68"""
"05/31/2002,""1,067.14"",""1,079.83"",""1,064.66"",""1,067.14"""
"05/30/2002,""1,064.66"",""1,069.36"",""1,054.49"",""1,064.66"""
"05/29/2002,""1,067.66"",""1,074.78"",""1,067.66"",""1,067.66"""
"05/28/2002,""1,074.55"",""1,085.83"",""1,070.35"",""1,074.55"""
"05/24/2002,""1,083.82"",""1,097.08"",""1,082.20"",""1,083.82"""
"05/23/2002,""1,097.08"",""1,097.10"",""1,080.67"",""1,097.08"""
"05/22/2002,""1,086.02"",""1,086.02"",""1,075.60"",""1,086.02"""
"05/21/2002,""1,079.88"",""1,099.38"",""1,079.11"",""1,079.88"""
"05/20/2002,""1,091.88"",""1,106.59"",""1,090.56"",""1,091.88"""
"05/17/2002,""1,106.59"",""1,106.59"",""1,096.77"",""1,106.59"""
"05/16/2002,""1,098.23"",""1,099.17"",""1,089.26"",""1,098.23"""
"05/15/2002,""1,091.07"",""1,104.23"",""1,089.02"",""1,091.07"""
"05/14/2002,""1,097.28"",""1,097.73"",""1,074.56"",""1,097.28"""
"05/13/2002,""1,074.56"",""1,074.85"",""1,053.98"",""1,074.56"""
"05/10/2002,""1,054.99"",""1,075.42"",""1,054.05"",""1,054.99"""
"05/09/2002,""1,073.01"",""1,088.85"",""1,072.29"",""1,073.01"""
"05/08/2002,""1,088.85"",""1,088.85"",""1,049.49"",""1,088.85"""
"05/07/2002,""1,049.49"",""1,058.61"",""1,049.06"",""1,049.49"""
"05/06/2002,""1,052.67"",""1,075.94"",""1,052.65"",""1,052.67"""
"05/03/2002,""1,073.43"",""1,084.56"",""1,068.92"",""1,073.43"""
"05/02/2002,""1,084.56"",""1,091.20"",""1,079.53"",""1,084.56"""
"05/01/2002,""1,086.46"",""1,088.15"",""1,065.37"",""1,086.46"""
"04/30/2002,""1,076.92"",""1,082.54"",""1,063.56"",""1,076.92"""
"04/29/2002,""1,065.46"",""1,078.96"",""1,063.60"",""1,065.46"""
"04/26/2002,""1,076.32"",""1,096.63"",""1,076.32"",""1,076.32"""
"04/25/2002,""1,091.48"",""1,094.20"",""1,084.88"",""1,091.48"""
"04/24/2002,""1,093.14"",""1,108.45"",""1,092.55"",""1,093.14"""
"04/23/2002,""1,100.96"",""1,111.12"",""1,099.09"",""1,100.96"""
"04/22/2002,""1,107.83"",""1,125.17"",""1,105.75"",""1,107.83"""
"04/19/2002,""1,125.17"",""1,128.82"",""1,122.72"",""1,125.17"""
"04/18/2002,""1,124.47"",""1,130.53"",""1,109.47"",""1,124.47"""
"04/17/2002,""1,126.07"",""1,132.94"",""1,123.37"",""1,126.07"""
"04/16/2002,""1,128.37"",""1,129.34"",""1,102.55"",""1,128.37"""
"04/15/2002,""1,102.55"",""1,114.81"",""1,099.52"",""1,102.55"""
"04/12/2002,""1,111.01"",""1,112.78"",""1,102.82"",""1,111.01"""
"04/11/2002,""1,103.69"",""1,130.47"",""1,102.56"",""1,103.69"""
"04/10/2002,""1,130.47"",""1,131.74"",""1,117.80"",""1,130.47"""
"04/09/2002,""1,117.80"",""1,128.36"",""1,116.91"",""1,117.80"""
"04/08/2002,""1,125.29"",""1,125.41"",""1,111.92"",""1,125.29"""
"04/05/2002,""1,122.73"",""1,133.01"",""1,119.63"",""1,122.73"""
"04/04/2002,""1,126.34"",""1,130.41"",""1,120.17"",""1,126.34"""
"04/03/2002,""1,125.40"",""1,138.75"",""1,119.71"",""1,125.40"""
"04/02/2002,""1,136.76"",""1,146.54"",""1,135.72"",""1,136.76"""
"04/01/2002,""1,146.54"",""1,147.75"",""1,133.03"",""1,146.54"""
"03/28/2002,""1,147.39"",""1,154.40"",""1,144.58"",""1,147.39"""
"03/27/2002,""1,144.58"",""1,146.85"",""1,135.54"",""1,144.58"""
"03/26/2002,""1,138.49"",""1,146.98"",""1,131.43"",""1,138.49"""
"03/25/2002,""1,131.87"",""1,150.89"",""1,131.87"",""1,131.87"""
"03/22/2002,""1,148.70"",""1,156.48"",""1,144.82"",""1,148.70"""
"03/21/2002,""1,153.59"",""1,155.12"",""1,139.58"",""1,153.59"""
"03/20/2002,""1,151.85"",""1,170.29"",""1,151.67"",""1,151.85"""
"03/19/2002,""1,170.29"",""1,173.89"",""1,165.55"",""1,170.29"""
"03/18/2002,""1,165.55"",""1,172.75"",""1,159.18"",""1,165.55"""
"03/15/2002,""1,166.16"",""1,166.45"",""1,153.04"",""1,166.16"""
"03/14/2002,""1,153.04"",""1,157.76"",""1,151.14"",""1,153.04"""
"03/13/2002,""1,154.09"",""1,165.58"",""1,151.01"",""1,154.09"""
"03/12/2002,""1,165.58"",""1,168.26"",""1,154.34"",""1,165.58"""
"03/11/2002,""1,168.26"",""1,173.03"",""1,159.58"",""1,168.26"""
"03/08/2002,""1,164.31"",""1,172.76"",""1,157.54"",""1,164.31"""
"03/07/2002,""1,157.54"",""1,167.94"",""1,150.69"",""1,157.54"""
"03/06/2002,""1,162.77"",""1,165.29"",""1,145.11"",""1,162.77"""
"03/05/2002,""1,146.14"",""1,157.74"",""1,144.78"",""1,146.14"""
"03/04/2002,""1,153.84"",""1,153.84"",""1,130.93"",""1,153.84"""
"03/01/2002,""1,131.78"",""1,131.79"",""1,106.73"",""1,131.78"""
"02/28/2002,""1,106.73"",""1,121.57"",""1,106.73"",""1,106.73"""
"02/27/2002,""1,109.89"",""1,123.06"",""1,102.26"",""1,109.89"""
"02/26/2002,""1,109.38"",""1,115.05"",""1,101.72"",""1,109.38"""
"02/25/2002,""1,109.43"",""1,112.71"",""1,089.84"",""1,109.43"""
"02/22/2002,""1,089.84"",""1,093.93"",""1,074.39"",""1,089.84"""
"02/21/2002,""1,080.95"",""1,101.50"",""1,080.24"",""1,080.95"""
"02/20/2002,""1,097.98"",""1,098.32"",""1,074.36"",""1,097.98"""
"02/19/2002,""1,083.34"",""1,104.18"",""1,082.24"",""1,083.34"""
"02/15/2002,""1,104.18"",""1,117.09"",""1,103.23"",""1,104.18"""
"02/14/2002,""1,116.48"",""1,124.72"",""1,112.30"",""1,116.48"""
"02/13/2002,""1,118.51"",""1,120.56"",""1,107.50"",""1,118.51"""
"02/12/2002,""1,107.50"",""1,112.68"",""1,102.98"",""1,107.50"""
"02/11/2002,""1,111.94"",""1,112.01"",""1,094.68"",""1,111.94"""
"02/08/2002,""1,096.22"",""1,096.30"",""1,079.91"",""1,096.22"""
"02/07/2002,""1,080.17"",""1,094.03"",""1,078.44"",""1,080.17"""
"02/06/2002,""1,083.51"",""1,093.58"",""1,077.78"",""1,083.51"""
"02/05/2002,""1,090.02"",""1,100.96"",""1,082.58"",""1,090.02"""
"02/04/2002,""1,094.44"",""1,122.20"",""1,092.25"",""1,094.44"""
"02/01/2002,""1,122.20"",""1,130.20"",""1,118.51"",""1,122.20"""
"01/31/2002,""1,130.20"",""1,130.21"",""1,113.30"",""1,130.20"""
"01/30/2002,""1,113.57"",""1,113.79"",""1,081.66"",""1,113.57"""
"01/29/2002,""1,100.64"",""1,137.47"",""1,098.74"",""1,100.64"""
"01/28/2002,""1,133.06"",""1,138.63"",""1,126.66"",""1,133.06"""
"01/25/2002,""1,133.28"",""1,138.31"",""1,127.82"",""1,133.28"""
"01/24/2002,""1,132.15"",""1,139.50"",""1,128.18"",""1,132.15"""
"01/23/2002,""1,128.18"",""1,131.94"",""1,117.43"",""1,128.18"""
"01/22/2002,""1,119.31"",""1,135.26"",""1,117.94"",""1,119.31"""
"01/18/2002,""1,127.58"",""1,138.88"",""1,124.45"",""1,127.58"""
"01/17/2002,""1,138.88"",""1,139.27"",""1,127.57"",""1,138.88"""
"01/16/2002,""1,127.57"",""1,146.19"",""1,127.49"",""1,127.57"""
"01/15/2002,""1,146.19"",""1,148.81"",""1,136.88"",""1,146.19"""
"01/14/2002,""1,138.41"",""1,145.60"",""1,138.15"",""1,138.41"""
"01/11/2002,""1,145.60"",""1,159.41"",""1,145.45"",""1,145.60"""
"01/10/2002,""1,156.55"",""1,159.93"",""1,150.85"",""1,156.55"""
"01/09/2002,""1,155.14"",""1,174.26"",""1,151.89"",""1,155.14"""
"01/08/2002,""1,160.71"",""1,167.60"",""1,157.46"",""1,160.71"""
"01/07/2002,""1,164.89"",""1,176.97"",""1,163.55"",""1,164.89"""
"01/04/2002,""1,172.51"",""1,176.55"",""1,163.42"",""1,172.51"""
"01/03/2002,""1,165.27"",""1,165.27"",""1,154.01"",""1,165.27"""
"01/02/2002,""1,154.67"",""1,154.67"",""1,136.23"",""1,154.67"""
"12/31/2001,""1,148.08"",""1,161.16"",""1,148.04"",""1,148.08"""
"12/28/2001,""1,161.02"",""1,164.64"",""1,157.13"",""1,161.02"""
"12/27/2001,""1,157.13"",""1,157.13"",""1,149.37"",""1,157.13"""
"12/26/2001,""1,149.37"",""1,159.18"",""1,144.65"",""1,149.37"""
"12/24/2001,""1,144.65"",""1,147.83"",""1,144.62"",""1,144.65"""
"12/21/2001,""1,144.89"",""1,147.83"",""1,139.93"",""1,144.89"""
"12/20/2001,""1,139.93"",""1,151.42"",""1,139.93"",""1,139.93"""
"12/19/2001,""1,149.56"",""1,152.44"",""1,134.75"",""1,149.56"""
"12/18/2001,""1,142.92"",""1,145.10"",""1,134.36"",""1,142.92"""
"12/17/2001,""1,134.36"",""1,137.36"",""1,122.34"",""1,134.36"""
"12/14/2001,""1,123.09"",""1,128.28"",""1,114.50"",""1,123.09"""
"12/13/2001,""1,119.38"",""1,137.07"",""1,117.85"",""1,119.38"""
"12/12/2001,""1,137.07"",""1,141.58"",""1,126.01"",""1,137.07"""
"12/11/2001,""1,136.76"",""1,150.89"",""1,134.32"",""1,136.76"""
"12/10/2001,""1,139.93"",""1,158.31"",""1,139.66"",""1,139.93"""
"12/07/2001,""1,158.31"",""1,167.10"",""1,152.66"",""1,158.31"""
"12/06/2001,""1,167.10"",""1,173.35"",""1,164.43"",""1,167.10"""
"12/05/2001,""1,170.35"",""1,173.62"",""1,143.77"",""1,170.35"""
"12/04/2001,""1,144.80"",""1,144.80"",""1,128.86"",""1,144.80"""
"12/03/2001,""1,129.90"",""1,139.45"",""1,125.78"",""1,129.90"""
"11/30/2001,""1,139.45"",""1,143.57"",""1,135.89"",""1,139.45"""
"11/29/2001,""1,140.20"",""1,140.40"",""1,125.51"",""1,140.20"""
"11/28/2001,""1,128.52"",""1,149.50"",""1,128.29"",""1,128.52"""
"11/27/2001,""1,149.50"",""1,163.38"",""1,140.81"",""1,149.50"""
"11/26/2001,""1,157.42"",""1,157.88"",""1,146.17"",""1,157.42"""
"11/23/2001,""1,150.34"",""1,151.05"",""1,135.90"",""1,150.34"""
"11/21/2001,""1,137.03"",""1,142.66"",""1,129.78"",""1,137.03"""
"11/20/2001,""1,142.66"",""1,152.45"",""1,142.17"",""1,142.66"""
"11/19/2001,""1,151.06"",""1,151.06"",""1,138.65"",""1,151.06"""
"11/16/2001,""1,138.65"",""1,143.52"",""1,129.92"",""1,138.65"""
"11/15/2001,""1,142.24"",""1,146.46"",""1,135.06"",""1,142.24"""
"11/14/2001,""1,141.21"",""1,148.28"",""1,132.87"",""1,141.21"""
"11/13/2001,""1,139.09"",""1,139.14"",""1,118.33"",""1,139.09"""
"11/12/2001,""1,118.33"",""1,121.71"",""1,098.32"",""1,118.33"""
"11/09/2001,""1,120.31"",""1,123.02"",""1,111.13"",""1,120.31"""
"11/08/2001,""1,118.54"",""1,135.75"",""1,115.42"",""1,118.54"""
"11/07/2001,""1,115.80"",""1,126.62"",""1,112.98"",""1,115.80"""
"11/06/2001,""1,118.86"",""1,119.73"",""1,095.36"",""1,118.86"""
"11/05/2001,""1,102.84"",""1,106.72"",""1,087.20"",""1,102.84"""
"11/02/2001,""1,087.20"",""1,089.63"",""1,075.58"",""1,087.20"""
"11/01/2001,""1,084.10"",""1,085.61"",""1,054.31"",""1,084.10"""
"10/31/2001,""1,059.78"",""1,074.79"",""1,057.55"",""1,059.78"""
"10/30/2001,""1,059.79"",""1,078.30"",""1,053.61"",""1,059.79"""
"10/29/2001,""1,078.30"",""1,104.61"",""1,078.30"",""1,078.30"""
"10/26/2001,""1,104.61"",""1,110.61"",""1,094.24"",""1,104.61"""
"10/25/2001,""1,100.09"",""1,100.09"",""1,065.64"",""1,100.09"""
"10/24/2001,""1,085.20"",""1,090.26"",""1,079.98"",""1,085.20"""
"10/23/2001,""1,084.78"",""1,098.99"",""1,081.53"",""1,084.78"""
"10/22/2001,""1,089.90"",""1,090.57"",""1,070.32"",""1,089.90"""
"10/19/2001,""1,073.48"",""1,075.52"",""1,057.24"",""1,073.48"""
"10/18/2001,""1,068.61"",""1,077.94"",""1,064.54"",""1,068.61"""
"10/17/2001,""1,077.09"",""1,107.12"",""1,076.57"",""1,077.09"""
"10/16/2001,""1,097.55"",""1,101.66"",""1,087.13"",""1,097.55"""
"10/15/2001,""1,089.98"",""1,091.65"",""1,078.19"",""1,089.98"""
"10/12/2001,""1,091.65"",""1,097.43"",""1,072.15"",""1,091.65"""
"10/11/2001,""1,097.43"",""1,099.16"",""1,080.99"",""1,097.43"""
"10/10/2001,""1,080.99"",""1,081.62"",""1,052.70"",""1,080.99"""
"10/09/2001,""1,056.75"",""1,063.37"",""1,053.83"",""1,056.75"""
"10/08/2001,""1,062.44"",""1,071.37"",""1,056.88"",""1,062.44"""
"10/05/2001,""1,071.38"",""1,072.35"",""1,053.50"",""1,071.38"""
"10/04/2001,""1,069.63"",""1,084.12"",""1,067.82"",""1,069.63"""
"10/03/2001,""1,072.28"",""1,075.38"",""1,041.48"",""1,072.28"""
"10/02/2001,""1,051.33"",""1,051.33"",""1,034.47"",""1,051.33"""
"10/01/2001,""1,038.55"",""1,040.94"",""1,026.76"",""1,038.55"""
"09/28/2001,""1,040.94"",""1,040.94"",""1,018.61"",""1,040.94"""
"09/27/2001,""1,018.61"",""1,018.92"",""998.24"",""1,018.61"""
"09/26/2001,""1,007.04"",""1,020.29"",""1,002.62"",""1,007.04"""
"09/25/2001,""1,012.27"",""1,017.14"",""998.33"",""1,012.27"""
"09/24/2001,""1,003.45"",""1,008.44"",""965.80"",""1,003.45"""
"09/21/2001,""965.80"",""984.54"",""944.75"",""965.80"""
"09/20/2001,""984.54"",""1,016.10"",""984.49"",""984.54"""
"09/19/2001,""1,016.10"",""1,038.91"",""984.62"",""1,016.10"""
"09/18/2001,""1,032.74"",""1,046.42"",""1,029.25"",""1,032.74"""
"09/17/2001,""1,038.77"",""1,092.54"",""1,037.46"",""1,038.77"""
"09/10/2001,""1,092.54"",""1,096.94"",""1,073.15"",""1,092.54"""
"09/07/2001,""1,085.78"",""1,106.40"",""1,082.12"",""1,085.78"""
"09/06/2001,""1,106.40"",""1,131.74"",""1,105.83"",""1,106.40"""
"09/05/2001,""1,131.74"",""1,135.52"",""1,114.86"",""1,131.74"""
"09/04/2001,""1,132.94"",""1,155.40"",""1,129.06"",""1,132.94"""
"08/31/2001,""1,133.59"",""1,141.83"",""1,126.38"",""1,133.59"""
"08/30/2001,""1,129.03"",""1,151.75"",""1,124.87"",""1,129.03"""
"08/29/2001,""1,148.60"",""1,166.97"",""1,147.38"",""1,148.60"""
"08/28/2001,""1,161.51"",""1,179.66"",""1,161.17"",""1,161.51"""
"08/27/2001,""1,179.21"",""1,186.85"",""1,178.07"",""1,179.21"""
"08/24/2001,""1,184.93"",""1,185.15"",""1,162.09"",""1,184.93"""
"08/23/2001,""1,162.09"",""1,169.86"",""1,160.96"",""1,162.09"""
"08/22/2001,""1,165.31"",""1,168.56"",""1,153.34"",""1,165.31"""
"08/21/2001,""1,157.26"",""1,179.85"",""1,156.56"",""1,157.26"""
"08/20/2001,""1,171.41"",""1,171.41"",""1,160.94"",""1,171.41"""
"08/17/2001,""1,161.97"",""1,181.66"",""1,156.07"",""1,161.97"""
"08/16/2001,""1,181.66"",""1,181.80"",""1,166.08"",""1,181.66"""
"08/15/2001,""1,178.02"",""1,191.21"",""1,177.61"",""1,178.02"""
"08/14/2001,""1,186.73"",""1,198.79"",""1,184.26"",""1,186.73"""
"08/13/2001,""1,191.29"",""1,193.82"",""1,185.12"",""1,191.29"""
"08/10/2001,""1,190.16"",""1,193.33"",""1,169.55"",""1,190.16"""
"08/09/2001,""1,183.43"",""1,184.71"",""1,174.68"",""1,183.43"""
"08/08/2001,""1,183.53"",""1,206.79"",""1,181.27"",""1,183.53"""
"08/07/2001,""1,204.40"",""1,207.56"",""1,195.64"",""1,204.40"""
"08/06/2001,""1,200.48"",""1,214.35"",""1,197.35"",""1,200.48"""
"08/03/2001,""1,214.35"",""1,220.75"",""1,205.31"",""1,214.35"""
"08/02/2001,""1,220.75"",""1,226.27"",""1,215.31"",""1,220.75"""
"08/01/2001,""1,215.93"",""1,223.04"",""1,211.23"",""1,215.93"""
"07/31/2001,""1,211.23"",""1,222.74"",""1,204.52"",""1,211.23"""
"07/30/2001,""1,204.52"",""1,209.05"",""1,200.41"",""1,204.52"""
"07/27/2001,""1,205.82"",""1,209.26"",""1,195.99"",""1,205.82"""
"07/26/2001,""1,202.93"",""1,204.18"",""1,182.65"",""1,202.93"""
"07/25/2001,""1,190.49"",""1,190.52"",""1,171.28"",""1,190.49"""
"07/24/2001,""1,171.65"",""1,191.03"",""1,165.54"",""1,171.65"""
"07/23/2001,""1,191.03"",""1,215.22"",""1,190.50"",""1,191.03"""
"07/20/2001,""1,210.85"",""1,215.69"",""1,207.04"",""1,210.85"""
"07/19/2001,""1,215.02"",""1,225.04"",""1,205.80"",""1,215.02"""
"07/18/2001,""1,207.71"",""1,214.44"",""1,198.33"",""1,207.71"""
"07/17/2001,""1,214.44"",""1,215.36"",""1,196.14"",""1,214.44"""
"07/16/2001,""1,202.45"",""1,219.63"",""1,200.05"",""1,202.45"""
"07/13/2001,""1,215.68"",""1,218.54"",""1,203.61"",""1,215.68"""
"07/12/2001,""1,208.14"",""1,210.25"",""1,180.18"",""1,208.14"""
"07/11/2001,""1,180.18"",""1,184.93"",""1,168.46"",""1,180.18"""
"07/10/2001,""1,181.52"",""1,203.43"",""1,179.93"",""1,181.52"""
"07/09/2001,""1,198.78"",""1,201.76"",""1,189.75"",""1,198.78"""
"07/06/2001,""1,190.59"",""1,219.24"",""1,188.74"",""1,190.59"""
"07/05/2001,""1,219.24"",""1,234.45"",""1,219.15"",""1,219.24"""
"07/03/2001,""1,234.45"",""1,236.71"",""1,229.43"",""1,234.45"""
"07/02/2001,""1,236.71"",""1,239.78"",""1,224.03"",""1,236.71"""
"06/29/2001,""1,224.42"",""1,237.29"",""1,221.14"",""1,224.42"""
"06/28/2001,""1,226.20"",""1,234.44"",""1,211.07"",""1,226.20"""
"06/27/2001,""1,211.07"",""1,219.92"",""1,207.29"",""1,211.07"""
"06/26/2001,""1,216.76"",""1,220.70"",""1,204.64"",""1,216.76"""
"06/25/2001,""1,218.60"",""1,231.50"",""1,213.60"",""1,218.60"""
"06/22/2001,""1,225.35"",""1,237.73"",""1,221.44"",""1,225.35"""
"06/21/2001,""1,237.04"",""1,240.24"",""1,220.25"",""1,237.04"""
"06/20/2001,""1,223.14"",""1,225.61"",""1,210.07"",""1,223.14"""
"06/19/2001,""1,212.58"",""1,226.11"",""1,207.71"",""1,212.58"""
"06/18/2001,""1,208.43"",""1,221.23"",""1,208.33"",""1,208.43"""
"06/15/2001,""1,214.36"",""1,221.50"",""1,203.03"",""1,214.36"""
"06/14/2001,""1,219.87"",""1,241.60"",""1,218.90"",""1,219.87"""
"06/13/2001,""1,241.60"",""1,259.75"",""1,241.59"",""1,241.60"""
"06/12/2001,""1,255.85"",""1,261.00"",""1,235.75"",""1,255.85"""
"06/11/2001,""1,254.39"",""1,264.96"",""1,249.23"",""1,254.39"""
"06/08/2001,""1,264.96"",""1,277.11"",""1,259.99"",""1,264.96"""
"06/07/2001,""1,276.96"",""1,277.08"",""1,265.08"",""1,276.96"""
"06/06/2001,""1,270.03"",""1,283.85"",""1,269.03"",""1,270.03"""
"06/05/2001,""1,283.57"",""1,286.62"",""1,267.11"",""1,283.57"""
"06/04/2001,""1,267.11"",""1,267.17"",""1,256.36"",""1,267.11"""
"06/01/2001,""1,260.67"",""1,265.34"",""1,246.88"",""1,260.67"""
"05/31/2001,""1,255.82"",""1,261.91"",""1,248.07"",""1,255.82"""
"05/30/2001,""1,248.08"",""1,267.93"",""1,245.96"",""1,248.08"""
"05/29/2001,""1,267.93"",""1,278.42"",""1,265.41"",""1,267.93"""
"05/25/2001,""1,277.89"",""1,293.17"",""1,276.42"",""1,277.89"""
"05/24/2001,""1,293.17"",""1,295.04"",""1,281.22"",""1,293.17"""
"05/23/2001,""1,289.05"",""1,309.38"",""1,288.70"",""1,289.05"""
"05/22/2001,""1,309.38"",""1,315.93"",""1,306.89"",""1,309.38"""
"05/21/2001,""1,312.83"",""1,312.95"",""1,287.87"",""1,312.83"""
"05/18/2001,""1,291.96"",""1,292.06"",""1,281.15"",""1,291.96"""
"05/17/2001,""1,288.49"",""1,296.48"",""1,282.65"",""1,288.49"""
"05/16/2001,""1,284.99"",""1,286.39"",""1,243.02"",""1,284.99"""
"05/15/2001,""1,249.44"",""1,254.45"",""1,245.36"",""1,249.44"""
"05/14/2001,""1,248.92"",""1,249.68"",""1,241.02"",""1,248.92"""
"05/11/2001,""1,245.67"",""1,259.84"",""1,240.79"",""1,245.67"""
"05/10/2001,""1,255.18"",""1,268.14"",""1,254.56"",""1,255.18"""
"05/09/2001,""1,255.54"",""1,261.65"",""1,247.83"",""1,255.54"""
"05/08/2001,""1,261.20"",""1,267.01"",""1,253.00"",""1,261.20"""
"05/07/2001,""1,263.51"",""1,270.00"",""1,259.19"",""1,263.51"""
"05/04/2001,""1,266.61"",""1,267.51"",""1,232.00"",""1,266.61"""
"05/03/2001,""1,248.58"",""1,267.43"",""1,239.88"",""1,248.58"""
"05/02/2001,""1,267.43"",""1,272.93"",""1,257.70"",""1,267.43"""
"05/01/2001,""1,266.44"",""1,266.47"",""1,243.55"",""1,266.44"""
"04/30/2001,""1,249.46"",""1,269.30"",""1,243.99"",""1,249.46"""
"04/27/2001,""1,253.05"",""1,253.07"",""1,234.52"",""1,253.05"""
"04/26/2001,""1,234.52"",""1,248.30"",""1,228.75"",""1,234.52"""
"04/25/2001,""1,228.75"",""1,232.36"",""1,207.38"",""1,228.75"""
"04/24/2001,""1,209.47"",""1,233.54"",""1,208.89"",""1,209.47"""
"04/23/2001,""1,224.36"",""1,242.98"",""1,217.47"",""1,224.36"""
"04/20/2001,""1,242.98"",""1,253.70"",""1,234.41"",""1,242.98"""
"04/19/2001,""1,253.70"",""1,253.71"",""1,233.39"",""1,253.70"""
"04/18/2001,""1,238.16"",""1,248.42"",""1,191.81"",""1,238.16"""
"04/17/2001,""1,191.81"",""1,192.25"",""1,168.90"",""1,191.81"""
"04/16/2001,""1,179.68"",""1,184.64"",""1,167.38"",""1,179.68"""
"04/12/2001,""1,183.50"",""1,183.51"",""1,157.73"",""1,183.50"""
"04/11/2001,""1,165.89"",""1,182.24"",""1,160.26"",""1,165.89"""
"04/10/2001,""1,168.38"",""1,173.92"",""1,137.59"",""1,168.38"""
"04/09/2001,""1,137.59"",""1,146.13"",""1,126.38"",""1,137.59"""
"04/06/2001,""1,128.43"",""1,151.44"",""1,119.29"",""1,128.43"""
"04/05/2001,""1,151.44"",""1,151.47"",""1,103.25"",""1,151.44"""
"04/04/2001,""1,103.25"",""1,117.50"",""1,091.99"",""1,103.25"""
"04/03/2001,""1,106.46"",""1,145.87"",""1,100.19"",""1,106.46"""
"04/02/2001,""1,145.87"",""1,169.51"",""1,137.51"",""1,145.87"""
"03/30/2001,""1,160.33"",""1,162.80"",""1,143.83"",""1,160.33"""
"03/29/2001,""1,147.95"",""1,161.69"",""1,136.26"",""1,147.95"""
"03/28/2001,""1,153.29"",""1,182.17"",""1,147.83"",""1,153.29"""
"03/27/2001,""1,182.17"",""1,183.36"",""1,150.96"",""1,182.17"""
"03/26/2001,""1,152.69"",""1,160.02"",""1,139.83"",""1,152.69"""
"03/23/2001,""1,139.83"",""1,141.83"",""1,117.58"",""1,139.83"""
"03/22/2001,""1,117.58"",""1,124.27"",""1,081.19"",""1,117.58"""
"03/21/2001,""1,122.14"",""1,149.39"",""1,118.74"",""1,122.14"""
"03/20/2001,""1,142.62"",""1,180.56"",""1,142.19"",""1,142.62"""
"03/19/2001,""1,170.81"",""1,173.50"",""1,147.18"",""1,170.81"""
"03/16/2001,""1,150.53"",""1,173.56"",""1,148.64"",""1,150.53"""
"03/15/2001,""1,173.56"",""1,182.04"",""1,166.71"",""1,173.56"""
"03/14/2001,""1,166.71"",""1,197.66"",""1,155.35"",""1,166.71"""
"03/13/2001,""1,197.66"",""1,197.83"",""1,171.50"",""1,197.66"""
"03/12/2001,""1,180.16"",""1,233.42"",""1,176.78"",""1,180.16"""
"03/09/2001,""1,233.42"",""1,264.74"",""1,228.42"",""1,233.42"""
"03/08/2001,""1,264.74"",""1,266.50"",""1,257.60"",""1,264.74"""
"03/07/2001,""1,261.89"",""1,263.86"",""1,253.80"",""1,261.89"""
"03/06/2001,""1,253.80"",""1,267.42"",""1,241.41"",""1,253.80"""
"03/05/2001,""1,241.41"",""1,242.55"",""1,234.04"",""1,241.41"""
"03/02/2001,""1,234.18"",""1,251.01"",""1,219.74"",""1,234.18"""
"03/01/2001,""1,241.23"",""1,241.36"",""1,214.50"",""1,241.23"""
"02/28/2001,""1,239.94"",""1,263.47"",""1,229.65"",""1,239.94"""
"02/27/2001,""1,257.94"",""1,272.76"",""1,252.26"",""1,257.94"""
"02/26/2001,""1,267.65"",""1,267.69"",""1,241.71"",""1,267.65"""
"02/23/2001,""1,245.86"",""1,252.82"",""1,215.44"",""1,245.86"""
"02/22/2001,""1,252.82"",""1,259.94"",""1,228.33"",""1,252.82"""
"02/21/2001,""1,255.27"",""1,282.97"",""1,253.16"",""1,255.27"""
"02/20/2001,""1,278.94"",""1,307.16"",""1,278.44"",""1,278.94"""
"02/16/2001,""1,301.53"",""1,326.61"",""1,293.18"",""1,301.53"""
"02/15/2001,""1,326.61"",""1,331.29"",""1,315.92"",""1,326.61"""
"02/14/2001,""1,315.92"",""1,320.73"",""1,304.72"",""1,315.92"""
"02/13/2001,""1,318.80"",""1,336.62"",""1,317.51"",""1,318.80"""
"02/12/2001,""1,330.31"",""1,330.96"",""1,313.64"",""1,330.31"""
"02/09/2001,""1,314.76"",""1,332.53"",""1,309.98"",""1,314.76"""
"02/08/2001,""1,332.53"",""1,350.32"",""1,332.42"",""1,332.53"""
"02/07/2001,""1,340.89"",""1,352.26"",""1,334.26"",""1,340.89"""
"02/06/2001,""1,352.26"",""1,363.55"",""1,350.04"",""1,352.26"""
"02/05/2001,""1,354.31"",""1,354.56"",""1,344.48"",""1,354.31"""
"02/02/2001,""1,349.47"",""1,376.38"",""1,348.72"",""1,349.47"""
"02/01/2001,""1,373.47"",""1,373.50"",""1,359.34"",""1,373.47"""
"01/31/2001,""1,366.01"",""1,383.37"",""1,364.66"",""1,366.01"""
"01/30/2001,""1,373.73"",""1,375.68"",""1,356.20"",""1,373.73"""
"01/29/2001,""1,364.17"",""1,365.54"",""1,350.36"",""1,364.17"""
"01/26/2001,""1,354.95"",""1,357.51"",""1,342.75"",""1,354.95"""
"01/25/2001,""1,357.51"",""1,367.35"",""1,354.63"",""1,357.51"""
"01/24/2001,""1,364.30"",""1,369.75"",""1,357.28"",""1,364.30"""
"01/23/2001,""1,360.40"",""1,362.90"",""1,339.63"",""1,360.40"""
"01/22/2001,""1,342.90"",""1,353.62"",""1,333.84"",""1,342.90"""
"01/19/2001,""1,342.54"",""1,354.55"",""1,336.74"",""1,342.54"""
"01/18/2001,""1,347.97"",""1,352.71"",""1,327.41"",""1,347.97"""
"01/17/2001,""1,329.47"",""1,346.92"",""1,325.41"",""1,329.47"""
"01/16/2001,""1,326.65"",""1,327.81"",""1,313.33"",""1,326.65"""
"01/12/2001,""1,318.32"",""1,333.21"",""1,311.59"",""1,318.32"""
"01/11/2001,""1,326.82"",""1,332.19"",""1,309.72"",""1,326.82"""
"01/10/2001,""1,313.27"",""1,313.76"",""1,287.28"",""1,313.27"""
"01/09/2001,""1,300.80"",""1,311.72"",""1,295.14"",""1,300.80"""
"01/08/2001,""1,295.86"",""1,298.35"",""1,276.29"",""1,295.86"""
"01/05/2001,""1,298.35"",""1,334.77"",""1,294.95"",""1,298.35"""
"01/04/2001,""1,333.34"",""1,350.24"",""1,329.14"",""1,333.34"""
"01/03/2001,""1,347.56"",""1,347.76"",""1,274.62"",""1,347.56"""
"01/02/2001,""1,283.27"",""1,320.28"",""1,276.05"",""1,283.27"""
"12/29/2000,""1,320.28"",""1,340.10"",""1,317.51"",""1,320.28"""
"12/28/2000,""1,334.22"",""1,335.93"",""1,325.78"",""1,334.22"""
"12/27/2000,""1,328.92"",""1,332.03"",""1,310.96"",""1,328.92"""
"12/26/2000,""1,315.19"",""1,315.94"",""1,301.64"",""1,315.19"""
"12/22/2000,""1,305.97"",""1,305.97"",""1,274.86"",""1,305.97"""
"12/21/2000,""1,274.86"",""1,285.31"",""1,254.07"",""1,274.86"""
"12/20/2000,""1,264.74"",""1,305.60"",""1,261.16"",""1,264.74"""
"12/19/2000,""1,305.60"",""1,346.44"",""1,305.20"",""1,305.60"""
"12/18/2000,""1,322.74"",""1,332.32"",""1,312.15"",""1,322.74"""
"12/15/2000,""1,312.15"",""1,340.93"",""1,305.38"",""1,312.15"""
"12/14/2000,""1,340.93"",""1,359.99"",""1,340.48"",""1,340.93"""
"12/13/2000,""1,359.99"",""1,385.82"",""1,358.48"",""1,359.99"""
"12/12/2000,""1,371.18"",""1,380.27"",""1,370.27"",""1,371.18"""
"12/11/2000,""1,380.20"",""1,389.05"",""1,364.14"",""1,380.20"""
"12/08/2000,""1,369.89"",""1,380.33"",""1,343.55"",""1,369.89"""
"12/07/2000,""1,343.55"",""1,353.50"",""1,339.26"",""1,343.55"""
"12/06/2000,""1,351.46"",""1,376.54"",""1,346.15"",""1,351.46"""
"12/05/2000,""1,376.54"",""1,376.56"",""1,324.97"",""1,376.54"""
"12/04/2000,""1,324.97"",""1,332.06"",""1,310.23"",""1,324.97"""
"12/01/2000,""1,315.23"",""1,334.67"",""1,307.02"",""1,315.23"""
"11/30/2000,""1,314.95"",""1,341.91"",""1,294.90"",""1,314.95"""
"11/29/2000,""1,341.91"",""1,352.38"",""1,329.28"",""1,341.91"""
"11/28/2000,""1,336.09"",""1,358.81"",""1,334.97"",""1,336.09"""
"11/27/2000,""1,348.97"",""1,362.50"",""1,341.77"",""1,348.97"""
"11/24/2000,""1,341.77"",""1,343.83"",""1,322.36"",""1,341.77"""
"11/22/2000,""1,322.36"",""1,347.35"",""1,321.89"",""1,322.36"""
"11/21/2000,""1,347.35"",""1,355.87"",""1,333.62"",""1,347.35"""
"11/20/2000,""1,342.62"",""1,367.72"",""1,341.67"",""1,342.62"""
"11/17/2000,""1,367.72"",""1,384.85"",""1,355.55"",""1,367.72"""
"11/16/2000,""1,372.32"",""1,394.68"",""1,370.40"",""1,372.32"""
"11/15/2000,""1,389.81"",""1,395.96"",""1,374.75"",""1,389.81"""
"11/14/2000,""1,382.95"",""1,390.06"",""1,351.26"",""1,382.95"""
"11/13/2000,""1,351.26"",""1,365.98"",""1,328.62"",""1,351.26"""
"11/10/2000,""1,365.98"",""1,400.14"",""1,365.97"",""1,365.98"""
"11/09/2000,""1,400.14"",""1,409.28"",""1,369.68"",""1,400.14"""
"11/08/2000,""1,409.28"",""1,437.28"",""1,408.78"",""1,409.28"""
"11/07/2000,""1,431.87"",""1,436.22"",""1,423.26"",""1,431.87"""
"11/06/2000,""1,432.19"",""1,438.46"",""1,427.72"",""1,432.19"""
"11/03/2000,""1,426.69"",""1,433.21"",""1,420.92"",""1,426.69"""
"11/02/2000,""1,428.32"",""1,433.27"",""1,421.13"",""1,428.32"""
"11/01/2000,""1,421.22"",""1,429.60"",""1,410.45"",""1,421.22"""
"10/31/2000,""1,429.40"",""1,432.22"",""1,398.66"",""1,429.40"""
"10/30/2000,""1,398.66"",""1,406.36"",""1,376.86"",""1,398.66"""
"10/27/2000,""1,379.58"",""1,384.57"",""1,364.13"",""1,379.58"""
"10/26/2000,""1,364.44"",""1,372.72"",""1,337.77"",""1,364.44"""
"10/25/2000,""1,364.90"",""1,398.13"",""1,362.21"",""1,364.90"""
"10/24/2000,""1,398.13"",""1,415.64"",""1,388.13"",""1,398.13"""
"10/23/2000,""1,395.78"",""1,406.96"",""1,387.75"",""1,395.78"""
"10/20/2000,""1,396.93"",""1,408.47"",""1,382.19"",""1,396.93"""
"10/19/2000,""1,388.76"",""1,389.93"",""1,342.13"",""1,388.76"""
"10/18/2000,""1,342.13"",""1,356.65"",""1,305.79"",""1,342.13"""
"10/17/2000,""1,349.97"",""1,380.99"",""1,342.34"",""1,349.97"""
"10/16/2000,""1,374.62"",""1,379.48"",""1,365.06"",""1,374.62"""
"10/13/2000,""1,374.17"",""1,374.17"",""1,326.81"",""1,374.17"""
"10/12/2000,""1,329.78"",""1,374.93"",""1,329.06"",""1,329.78"""
"10/11/2000,""1,364.59"",""1,387.02"",""1,349.67"",""1,364.59"""
"10/10/2000,""1,387.02"",""1,408.83"",""1,383.85"",""1,387.02"""
"10/09/2000,""1,402.03"",""1,409.69"",""1,392.48"",""1,402.03"""
"10/06/2000,""1,408.99"",""1,443.30"",""1,397.06"",""1,408.99"""
"10/05/2000,""1,436.28"",""1,444.17"",""1,431.80"",""1,436.28"""
"10/04/2000,""1,434.32"",""1,439.99"",""1,416.31"",""1,434.32"""
"10/03/2000,""1,426.46"",""1,454.82"",""1,425.28"",""1,426.46"""
"10/02/2000,""1,436.23"",""1,445.51"",""1,429.75"",""1,436.23"""
"09/29/2000,""1,436.51"",""1,458.29"",""1,436.48"",""1,436.51"""
"09/28/2000,""1,458.29"",""1,461.65"",""1,425.79"",""1,458.29"""
"09/27/2000,""1,426.57"",""1,436.74"",""1,419.54"",""1,426.57"""
"09/26/2000,""1,427.21"",""1,447.74"",""1,425.29"",""1,427.21"""
"09/25/2000,""1,439.03"",""1,457.36"",""1,436.08"",""1,439.03"""
"09/22/2000,""1,448.72"",""1,449.41"",""1,421.88"",""1,448.72"""
"09/21/2000,""1,449.05"",""1,452.90"",""1,436.19"",""1,449.05"""
"09/20/2000,""1,451.34"",""1,460.73"",""1,430.95"",""1,451.34"""
"09/19/2000,""1,459.90"",""1,461.05"",""1,444.51"",""1,459.90"""
"09/18/2000,""1,444.51"",""1,467.88"",""1,441.76"",""1,444.51"""
"09/15/2000,""1,465.81"",""1,480.87"",""1,460.54"",""1,465.81"""
"09/14/2000,""1,480.87"",""1,494.27"",""1,476.77"",""1,480.87"""
"09/13/2000,""1,484.91"",""1,487.36"",""1,474.03"",""1,484.91"""
"09/12/2000,""1,481.99"",""1,496.60"",""1,479.93"",""1,481.99"""
"09/11/2000,""1,489.26"",""1,506.59"",""1,483.03"",""1,489.26"""
"09/08/2000,""1,494.50"",""1,502.51"",""1,489.93"",""1,494.50"""
"09/07/2000,""1,502.51"",""1,505.23"",""1,492.25"",""1,502.51"""
"09/06/2000,""1,492.25"",""1,512.37"",""1,492.19"",""1,492.25"""
"09/05/2000,""1,507.08"",""1,520.77"",""1,504.21"",""1,507.08"""
"09/01/2000,""1,520.77"",""1,530.01"",""1,515.60"",""1,520.77"""
"08/31/2000,""1,517.68"",""1,525.30"",""1,502.59"",""1,517.68"""
"08/30/2000,""1,502.59"",""1,510.44"",""1,500.08"",""1,502.59"""
"08/29/2000,""1,509.84"",""1,514.81"",""1,505.46"",""1,509.84"""
"08/28/2000,""1,514.09"",""1,523.88"",""1,506.46"",""1,514.09"""
"08/25/2000,""1,506.45"",""1,513.41"",""1,505.16"",""1,506.45"""
"08/24/2000,""1,508.31"",""1,511.16"",""1,501.30"",""1,508.31"""
"08/23/2000,""1,505.97"",""1,507.30"",""1,489.39"",""1,505.97"""
"08/22/2000,""1,498.13"",""1,508.18"",""1,497.56"",""1,498.13"""
"08/21/2000,""1,499.48"",""1,502.95"",""1,491.12"",""1,499.48"""
"08/18/2000,""1,491.72"",""1,499.45"",""1,488.94"",""1,491.72"""
"08/17/2000,""1,496.07"",""1,499.46"",""1,479.85"",""1,496.07"""
"08/16/2000,""1,479.85"",""1,494.73"",""1,475.81"",""1,479.85"""
"08/15/2000,""1,484.43"",""1,493.04"",""1,482.85"",""1,484.43"""
"08/14/2000,""1,491.56"",""1,491.58"",""1,468.60"",""1,491.56"""
"08/11/2000,""1,471.84"",""1,475.60"",""1,452.91"",""1,471.84"""
"08/10/2000,""1,460.25"",""1,475.15"",""1,459.89"",""1,460.25"""
"08/09/2000,""1,472.87"",""1,490.33"",""1,471.16"",""1,472.87"""
"08/08/2000,""1,482.80"",""1,484.52"",""1,472.61"",""1,482.80"""
"08/07/2000,""1,479.32"",""1,480.89"",""1,460.79"",""1,479.32"""
"08/04/2000,""1,462.93"",""1,462.93"",""1,451.46"",""1,462.93"""
"08/03/2000,""1,452.56"",""1,454.35"",""1,426.05"",""1,452.56"""
"08/02/2000,""1,438.70"",""1,451.58"",""1,433.54"",""1,438.70"""
"08/01/2000,""1,438.10"",""1,443.52"",""1,428.84"",""1,438.10"""
"07/31/2000,""1,430.83"",""1,437.63"",""1,418.26"",""1,430.83"""
"07/28/2000,""1,419.89"",""1,456.35"",""1,414.16"",""1,419.89"""
"07/27/2000,""1,449.62"",""1,464.75"",""1,445.30"",""1,449.62"""
"07/26/2000,""1,452.42"",""1,474.47"",""1,452.42"",""1,452.42"""
"07/25/2000,""1,474.47"",""1,476.26"",""1,464.29"",""1,474.47"""
"07/24/2000,""1,464.29"",""1,485.85"",""1,463.81"",""1,464.29"""
"07/21/2000,""1,480.19"",""1,495.57"",""1,477.95"",""1,480.19"""
"07/20/2000,""1,495.57"",""1,501.88"",""1,481.96"",""1,495.57"""
"07/19/2000,""1,481.96"",""1,495.55"",""1,479.76"",""1,481.96"""
"07/18/2000,""1,493.74"",""1,510.49"",""1,491.41"",""1,493.74"""
"07/17/2000,""1,510.49"",""1,517.24"",""1,505.33"",""1,510.49"""
"07/14/2000,""1,509.98"",""1,509.98"",""1,494.67"",""1,509.98"""
"07/13/2000,""1,495.84"",""1,501.39"",""1,489.65"",""1,495.84"""
"07/12/2000,""1,492.92"",""1,497.48"",""1,480.88"",""1,492.92"""
"07/11/2000,""1,480.88"",""1,488.88"",""1,470.47"",""1,480.88"""
"07/10/2000,""1,475.62"",""1,486.50"",""1,474.73"",""1,475.62"""
"07/07/2000,""1,478.90"",""1,485.15"",""1,456.67"",""1,478.90"""
"07/06/2000,""1,456.67"",""1,461.65"",""1,439.60"",""1,456.67"""
"07/05/2000,""1,446.23"",""1,469.54"",""1,442.48"",""1,446.23"""
"07/03/2000,""1,469.54"",""1,469.83"",""1,450.79"",""1,469.54"""
"06/30/2000,""1,454.60"",""1,454.69"",""1,438.79"",""1,454.60"""
"06/29/2000,""1,442.39"",""1,455.17"",""1,434.64"",""1,442.39"""
"06/28/2000,""1,454.82"",""1,467.63"",""1,450.55"",""1,454.82"""
"06/27/2000,""1,450.55"",""1,463.35"",""1,450.55"",""1,450.55"""
"06/26/2000,""1,455.31"",""1,462.34"",""1,441.48"",""1,455.31"""
"06/23/2000,""1,441.48"",""1,459.82"",""1,438.35"",""1,441.48"""
"06/22/2000,""1,452.18"",""1,479.13"",""1,448.06"",""1,452.18"""
"06/21/2000,""1,479.13"",""1,482.24"",""1,468.49"",""1,479.13"""
"06/20/2000,""1,475.95"",""1,487.22"",""1,470.23"",""1,475.95"""
"06/19/2000,""1,486.00"",""1,488.98"",""1,459.00"",""1,486.00"""
"06/16/2000,""1,464.46"",""1,480.95"",""1,460.33"",""1,464.46"""
"06/15/2000,""1,478.73"",""1,482.02"",""1,464.46"",""1,478.73"""
"06/14/2000,""1,470.54"",""1,483.58"",""1,467.84"",""1,470.54"""
"06/13/2000,""1,469.44"",""1,470.36"",""1,442.49"",""1,469.44"""
"06/12/2000,""1,446.00"",""1,463.01"",""1,445.99"",""1,446.00"""
"06/09/2000,""1,456.95"",""1,472.66"",""1,454.88"",""1,456.95"""
"06/08/2000,""1,461.67"",""1,475.64"",""1,456.47"",""1,461.67"""
"06/07/2000,""1,471.36"",""1,474.57"",""1,455.22"",""1,471.36"""
"06/06/2000,""1,457.84"",""1,471.32"",""1,454.78"",""1,457.84"""
"06/05/2000,""1,467.63"",""1,477.26"",""1,464.67"",""1,467.63"""
"06/02/2000,""1,477.26"",""1,483.43"",""1,448.81"",""1,477.26"""
"06/01/2000,""1,448.81"",""1,448.81"",""1,420.60"",""1,448.81"""
"05/31/2000,""1,420.60"",""1,434.56"",""1,415.39"",""1,420.60"""
"05/30/2000,""1,422.45"",""1,422.45"",""1,377.80"",""1,422.45"""
"05/26/2000,""1,378.02"",""1,391.55"",""1,369.80"",""1,378.02"""
"05/25/2000,""1,381.52"",""1,411.89"",""1,373.99"",""1,381.52"""
"05/24/2000,""1,399.05"",""1,401.41"",""1,361.20"",""1,399.05"""
"05/23/2000,""1,373.86"",""1,403.77"",""1,373.43"",""1,373.86"""
"05/22/2000,""1,400.72"",""1,410.32"",""1,368.62"",""1,400.72"""
"05/19/2000,""1,406.95"",""1,437.21"",""1,401.76"",""1,406.95"""
"05/18/2000,""1,437.21"",""1,457.96"",""1,436.65"",""1,437.21"""
"05/17/2000,""1,447.80"",""1,466.04"",""1,441.63"",""1,447.80"""
"05/16/2000,""1,466.04"",""1,470.40"",""1,450.76"",""1,466.04"""
"05/15/2000,""1,452.36"",""1,452.36"",""1,417.05"",""1,452.36"""
"05/12/2000,""1,420.96"",""1,430.20"",""1,407.81"",""1,420.96"""
"05/11/2000,""1,407.81"",""1,410.25"",""1,383.05"",""1,407.81"""
"05/10/2000,""1,383.05"",""1,412.14"",""1,375.21"",""1,383.05"""
"05/09/2000,""1,412.14"",""1,429.81"",""1,401.86"",""1,412.14"""
"05/08/2000,""1,424.17"",""1,432.63"",""1,416.92"",""1,424.17"""
"05/05/2000,""1,432.63"",""1,435.87"",""1,405.16"",""1,432.63"""
"05/04/2000,""1,409.57"",""1,420.51"",""1,404.98"",""1,409.57"""
"05/03/2000,""1,415.10"",""1,446.29"",""1,398.36"",""1,415.10"""
"05/02/2000,""1,446.29"",""1,468.25"",""1,445.14"",""1,446.29"""
"05/01/2000,""1,468.25"",""1,481.43"",""1,452.43"",""1,468.25"""
"04/28/2000,""1,452.43"",""1,473.42"",""1,448.48"",""1,452.43"""
"04/27/2000,""1,464.92"",""1,469.14"",""1,434.85"",""1,464.92"""
"04/26/2000,""1,460.99"",""1,482.81"",""1,457.27"",""1,460.99"""
"04/25/2000,""1,477.44"",""1,477.67"",""1,429.86"",""1,477.44"""
"04/24/2000,""1,429.86"",""1,434.54"",""1,407.15"",""1,429.86"""
"04/20/2000,""1,434.54"",""1,435.43"",""1,421.98"",""1,434.54"""
"04/19/2000,""1,427.47"",""1,447.69"",""1,425.26"",""1,427.47"""
"04/18/2000,""1,441.61"",""1,441.61"",""1,397.61"",""1,441.61"""
"04/17/2000,""1,401.44"",""1,401.48"",""1,346.68"",""1,401.44"""
"04/14/2000,""1,356.56"",""1,440.51"",""1,339.40"",""1,356.56"""
"04/13/2000,""1,440.51"",""1,477.36"",""1,440.34"",""1,440.51"""
"04/12/2000,""1,467.17"",""1,510.59"",""1,466.15"",""1,467.17"""
"04/11/2000,""1,500.59"",""1,512.80"",""1,486.88"",""1,500.59"""
"04/10/2000,""1,504.46"",""1,527.11"",""1,503.02"",""1,504.46"""
"04/07/2000,""1,516.35"",""1,518.48"",""1,501.34"",""1,516.35"""
"04/06/2000,""1,501.34"",""1,511.76"",""1,487.37"",""1,501.34"""
"04/05/2000,""1,487.37"",""1,506.55"",""1,478.06"",""1,487.37"""
"04/04/2000,""1,494.73"",""1,526.22"",""1,417.22"",""1,494.73"""
"04/03/2000,""1,505.97"",""1,507.08"",""1,487.09"",""1,505.97"""
"03/31/2000,""1,498.58"",""1,519.77"",""1,484.53"",""1,498.58"""
"03/30/2000,""1,487.92"",""1,517.43"",""1,474.63"",""1,487.92"""
"03/29/2000,""1,508.52"",""1,521.36"",""1,497.32"",""1,508.52"""
"03/28/2000,""1,507.73"",""1,527.20"",""1,507.20"",""1,507.73"""
"03/27/2000,""1,523.86"",""1,534.66"",""1,518.62"",""1,523.86"""
"03/24/2000,""1,527.46"",""1,553.11"",""1,516.85"",""1,527.46"""
"03/23/2000,""1,527.35"",""1,532.13"",""1,493.76"",""1,527.35"""
"03/22/2000,""1,500.64"",""1,505.04"",""1,487.40"",""1,500.64"""
"03/21/2000,""1,493.87"",""1,493.93"",""1,446.04"",""1,493.87"""
"03/20/2000,""1,456.63"",""1,470.23"",""1,448.43"",""1,456.63"""
"03/17/2000,""1,464.47"",""1,476.64"",""1,453.20"",""1,464.47"""
"03/16/2000,""1,458.47"",""1,458.47"",""1,392.15"",""1,458.47"""
"03/15/2000,""1,392.15"",""1,397.99"",""1,356.99"",""1,392.15"""
"03/14/2000,""1,359.15"",""1,395.33"",""1,359.14"",""1,359.15"""
"03/13/2000,""1,383.62"",""1,398.45"",""1,365.31"",""1,383.62"""
"03/10/2000,""1,395.07"",""1,413.38"",""1,392.07"",""1,395.07"""
"03/09/2000,""1,401.69"",""1,401.82"",""1,357.85"",""1,401.69"""
"03/08/2000,""1,366.70"",""1,373.59"",""1,346.50"",""1,366.70"""
"03/07/2000,""1,355.62"",""1,399.57"",""1,349.60"",""1,355.62"""
"03/06/2000,""1,391.28"",""1,409.81"",""1,384.79"",""1,391.28"""
"03/03/2000,""1,409.17"",""1,410.88"",""1,381.76"",""1,409.17"""
"03/02/2000,""1,381.76"",""1,386.91"",""1,370.32"",""1,381.76"""
"03/01/2000,""1,379.19"",""1,383.00"",""1,366.42"",""1,379.19"""
"02/29/2000,""1,366.42"",""1,369.51"",""1,348.05"",""1,366.42"""
"02/28/2000,""1,348.05"",""1,360.82"",""1,325.02"",""1,348.05"""
"02/25/2000,""1,333.36"",""1,362.12"",""1,329.12"",""1,333.36"""
"02/24/2000,""1,353.43"",""1,364.49"",""1,329.90"",""1,353.43"""
"02/23/2000,""1,360.69"",""1,370.12"",""1,342.42"",""1,360.69"""
"02/22/2000,""1,352.17"",""1,358.11"",""1,331.97"",""1,352.17"""
"02/18/2000,""1,346.09"",""1,388.26"",""1,345.29"",""1,346.09"""
"02/17/2000,""1,388.26"",""1,399.83"",""1,380.07"",""1,388.26"""
"02/16/2000,""1,387.67"",""1,404.72"",""1,385.58"",""1,387.67"""
"02/15/2000,""1,402.05"",""1,407.81"",""1,376.21"",""1,402.05"""
"02/14/2000,""1,389.94"",""1,394.55"",""1,380.62"",""1,389.94"""
"02/11/2000,""1,387.12"",""1,416.95"",""1,379.15"",""1,387.12"""
"02/10/2000,""1,416.83"",""1,422.01"",""1,406.37"",""1,416.83"""
"02/09/2000,""1,411.70"",""1,444.38"",""1,411.64"",""1,411.70"""
"02/08/2000,""1,441.72"",""1,442.02"",""1,424.24"",""1,441.72"""
"02/07/2000,""1,424.24"",""1,427.23"",""1,413.33"",""1,424.24"""
"02/04/2000,""1,424.37"",""1,436.01"",""1,420.53"",""1,424.37"""
"02/03/2000,""1,424.97"",""1,426.06"",""1,398.54"",""1,424.97"""
"02/02/2000,""1,409.12"",""1,420.53"",""1,403.20"",""1,409.12"""
"02/01/2000,""1,409.28"",""1,412.59"",""1,384.75"",""1,409.28"""
"01/31/2000,""1,394.46"",""1,394.48"",""1,350.14"",""1,394.46"""
"01/28/2000,""1,360.16"",""1,398.56"",""1,356.14"",""1,360.16"""
"01/27/2000,""1,398.56"",""1,418.95"",""1,380.54"",""1,398.56"""
"01/26/2000,""1,404.09"",""1,412.53"",""1,400.14"",""1,404.09"""
"01/25/2000,""1,410.03"",""1,414.26"",""1,388.49"",""1,410.03"""
"01/24/2000,""1,401.53"",""1,454.25"",""1,395.42"",""1,401.53"""
"01/21/2000,""1,441.36"",""1,452.75"",""1,439.54"",""1,441.36"""
"01/20/2000,""1,445.57"",""1,465.56"",""1,438.56"",""1,445.57"""
"01/19/2000,""1,455.90"",""1,462.23"",""1,448.65"",""1,455.90"""
"01/18/2000,""1,455.14"",""1,465.15"",""1,451.25"",""1,455.14"""
"01/14/2000,""1,465.15"",""1,473.00"",""1,449.68"",""1,465.15"""
"01/13/2000,""1,449.68"",""1,454.60"",""1,432.25"",""1,449.68"""
"01/12/2000,""1,432.25"",""1,445.29"",""1,427.32"",""1,432.25"""
"01/11/2000,""1,438.56"",""1,458.85"",""1,434.42"",""1,438.56"""
"01/10/2000,""1,457.60"",""1,464.36"",""1,441.47"",""1,457.60"""
"01/07/2000,""1,441.47"",""1,441.47"",""1,400.53"",""1,441.47"""
"01/06/2000,""1,403.45"",""1,411.90"",""1,392.02"",""1,403.45"""
"01/05/2000,""1,402.11"",""1,413.27"",""1,377.68"",""1,402.11"""
"01/04/2000,""1,399.42"",""1,455.22"",""1,397.43"",""1,399.42"""
